Date               ,ZTD [m]     ,ZWD [m]     ,PWV [mm]    ,GE [m]      ,GN [m]      
15/02/2021 08:40:12,    2.337023,    0.095807,    0.014745,   -0.000189,    0.001322
15/02/2021 08:40:42,    2.337058,    0.095843,    0.014750,   -0.000191,    0.001345
15/02/2021 08:41:12,    2.337085,    0.095870,    0.014754,   -0.000193,    0.001369
15/02/2021 08:41:42,    2.337103,    0.095888,    0.014757,   -0.000195,    0.001392
15/02/2021 08:42:12,    2.337113,    0.095897,    0.014758,   -0.000196,    0.001415
15/02/2021 08:42:42,    2.337114,    0.095899,    0.014759,   -0.000198,    0.001439
15/02/2021 08:43:12,    2.337107,    0.095891,    0.014758,   -0.000200,    0.001462
15/02/2021 08:43:42,    2.337091,    0.095876,    0.014755,   -0.000202,    0.001485
15/02/2021 08:44:12,    2.337067,    0.095852,    0.014751,   -0.000204,    0.001508
15/02/2021 08:44:42,    2.337035,    0.095820,    0.014747,   -0.000206,    0.001531
15/02/2021 08:45:12,    2.336996,    0.095780,    0.014740,   -0.000207,    0.001554
15/02/2021 08:45:42,    2.336950,    0.095735,    0.014733,   -0.000209,    0.001576
15/02/2021 08:46:12,    2.336901,    0.095685,    0.014726,   -0.000211,    0.001599
15/02/2021 08:46:42,    2.336850,    0.095635,    0.014718,   -0.000213,    0.001621
15/02/2021 08:47:12,    2.336800,    0.095584,    0.014710,   -0.000215,    0.001644
15/02/2021 08:47:42,    2.336753,    0.095537,    0.014703,   -0.000216,    0.001666
15/02/2021 08:48:12,    2.336711,    0.095496,    0.014697,   -0.000218,    0.001688
15/02/2021 08:48:42,    2.336676,    0.095461,    0.014691,   -0.000220,    0.001710
15/02/2021 08:49:12,    2.336651,    0.095436,    0.014687,   -0.000222,    0.001732
15/02/2021 08:49:42,    2.336638,    0.095423,    0.014685,   -0.000224,    0.001754
15/02/2021 08:50:12,    2.336638,    0.095423,    0.014685,   -0.000226,    0.001776
15/02/2021 08:50:42,    2.336651,    0.095436,    0.014687,   -0.000227,    0.001798
15/02/2021 08:51:12,    2.336674,    0.095459,    0.014691,   -0.000229,    0.001819
15/02/2021 08:51:42,    2.336707,    0.095492,    0.014696,   -0.000231,    0.001840
15/02/2021 08:52:12,    2.336748,    0.095532,    0.014702,   -0.000233,    0.001861
15/02/2021 08:52:42,    2.336795,    0.095579,    0.014710,   -0.000235,    0.001882
15/02/2021 08:53:12,    2.336846,    0.095630,    0.014717,   -0.000236,    0.001903
15/02/2021 08:53:42,    2.336900,    0.095685,    0.014726,   -0.000238,    0.001924
15/02/2021 08:54:12,    2.336957,    0.095741,    0.014734,   -0.000240,    0.001945
15/02/2021 08:54:42,    2.337013,    0.095797,    0.014743,   -0.000242,    0.001965
15/02/2021 08:55:12,    2.337067,    0.095852,    0.014751,   -0.000244,    0.001985
15/02/2021 08:55:42,    2.337121,    0.095905,    0.014760,   -0.000245,    0.002005
15/02/2021 08:56:12,    2.337173,    0.095957,    0.014768,   -0.000247,    0.002025
15/02/2021 08:56:42,    2.337223,    0.096008,    0.014776,   -0.000249,    0.002045
15/02/2021 08:57:12,    2.337273,    0.096058,    0.014783,   -0.000251,    0.002064
15/02/2021 08:57:42,    2.337322,    0.096107,    0.014791,   -0.000253,    0.002084
15/02/2021 08:58:12,    2.337371,    0.096156,    0.014798,   -0.000254,    0.002103
15/02/2021 08:58:42,    2.337419,    0.096204,    0.014806,   -0.000256,    0.002122
15/02/2021 08:59:12,    2.337467,    0.096251,    0.014813,   -0.000258,    0.002140
15/02/2021 08:59:42,    2.337514,    0.096299,    0.014820,   -0.000260,    0.002159
15/02/2021 09:00:12,    2.337562,    0.096347,    0.014828,   -0.000261,    0.002177
15/02/2021 09:00:42,    2.337610,    0.096394,    0.014835,   -0.000263,    0.002195
15/02/2021 09:01:12,    2.337658,    0.096443,    0.014842,   -0.000265,    0.002213
15/02/2021 09:01:42,    2.337707,    0.096491,    0.014850,   -0.000267,    0.002231
15/02/2021 09:02:12,    2.337756,    0.096541,    0.014858,   -0.000268,    0.002248
15/02/2021 09:02:42,    2.337807,    0.096591,    0.014865,   -0.000270,    0.002266
15/02/2021 09:03:12,    2.337858,    0.096643,    0.014873,   -0.000272,    0.002282
15/02/2021 09:03:42,    2.337911,    0.096696,    0.014881,   -0.000274,    0.002299
15/02/2021 09:04:12,    2.337966,    0.096750,    0.014890,   -0.000275,    0.002315
15/02/2021 09:04:42,    2.338022,    0.096806,    0.014898,   -0.000277,    0.002331
15/02/2021 09:05:12,    2.338079,    0.096864,    0.014907,   -0.000279,    0.002347
15/02/2021 09:05:42,    2.338138,    0.096923,    0.014916,   -0.000280,    0.002362
15/02/2021 09:06:12,    2.338197,    0.096981,    0.014925,   -0.000282,    0.002377
15/02/2021 09:06:42,    2.338254,    0.097038,    0.014934,   -0.000284,    0.002392
15/02/2021 09:07:12,    2.338309,    0.097093,    0.014943,   -0.000285,    0.002406
15/02/2021 09:07:42,    2.338361,    0.097145,    0.014951,   -0.000287,    0.002420
15/02/2021 09:08:12,    2.338408,    0.097192,    0.014958,   -0.000289,    0.002434
15/02/2021 09:08:42,    2.338450,    0.097234,    0.014964,   -0.000290,    0.002447
15/02/2021 09:09:12,    2.338485,    0.097270,    0.014970,   -0.000292,    0.002459
15/02/2021 09:09:42,    2.338513,    0.097298,    0.014974,   -0.000293,    0.002472
15/02/2021 09:10:12,    2.338532,    0.097317,    0.014977,   -0.000295,    0.002483
15/02/2021 09:10:42,    2.338540,    0.097324,    0.014978,   -0.000296,    0.002495
15/02/2021 09:11:12,    2.338532,    0.097317,    0.014977,   -0.000298,    0.002506
15/02/2021 09:11:42,    2.338506,    0.097291,    0.014973,   -0.000299,    0.002516
15/02/2021 09:12:12,    2.338458,    0.097243,    0.014966,   -0.000300,    0.002526
15/02/2021 09:12:42,    2.338385,    0.097170,    0.014954,   -0.000302,    0.002536
15/02/2021 09:13:12,    2.338284,    0.097069,    0.014939,   -0.000303,    0.002545
15/02/2021 09:13:42,    2.338151,    0.096936,    0.014918,   -0.000304,    0.002553
15/02/2021 09:14:12,    2.337984,    0.096768,    0.014893,   -0.000306,    0.002561
15/02/2021 09:14:42,    2.337778,    0.096563,    0.014861,   -0.000307,    0.002568
15/02/2021 09:15:12,    2.337533,    0.096317,    0.014823,   -0.000308,    0.002575
15/02/2021 09:15:42,    2.337253,    0.096038,    0.014780,   -0.000309,    0.002582
15/02/2021 09:16:12,    2.336947,    0.095732,    0.014733,   -0.000310,    0.002587
15/02/2021 09:16:42,    2.336623,    0.095408,    0.014683,   -0.000311,    0.002592
15/02/2021 09:17:12,    2.336288,    0.095072,    0.014632,   -0.000313,    0.002597
15/02/2021 09:17:42,    2.335949,    0.094734,    0.014579,   -0.000314,    0.002601
15/02/2021 09:18:12,    2.335615,    0.094399,    0.014528,   -0.000315,    0.002604
15/02/2021 09:18:42,    2.335292,    0.094077,    0.014478,   -0.000315,    0.002607
15/02/2021 09:19:12,    2.334990,    0.093774,    0.014432,   -0.000316,    0.002609
15/02/2021 09:19:42,    2.334714,    0.093498,    0.014389,   -0.000317,    0.002610
15/02/2021 09:20:12,    2.334472,    0.093257,    0.014352,   -0.000318,    0.002611
15/02/2021 09:20:42,    2.334265,    0.093050,    0.014320,   -0.000319,    0.002611
15/02/2021 09:21:12,    2.334095,    0.092880,    0.014294,   -0.000319,    0.002610
15/02/2021 09:21:42,    2.333962,    0.092747,    0.014274,   -0.000320,    0.002609
15/02/2021 09:22:12,    2.333867,    0.092651,    0.014259,   -0.000321,    0.002607
15/02/2021 09:22:42,    2.333809,    0.092594,    0.014250,   -0.000321,    0.002604
15/02/2021 09:23:12,    2.333791,    0.092576,    0.014247,   -0.000322,    0.002601
15/02/2021 09:23:42,    2.333813,    0.092598,    0.014251,   -0.000322,    0.002596
15/02/2021 09:24:12,    2.333875,    0.092660,    0.014260,   -0.000323,    0.002591
15/02/2021 09:24:42,    2.333979,    0.092764,    0.014276,   -0.000323,    0.002586
15/02/2021 09:25:12,    2.334123,    0.092908,    0.014298,   -0.000323,    0.002579
15/02/2021 09:25:42,    2.334302,    0.093087,    0.014326,   -0.000323,    0.002572
15/02/2021 09:26:12,    2.334508,    0.093293,    0.014358,   -0.000324,    0.002563
15/02/2021 09:26:42,    2.334734,    0.093519,    0.014392,   -0.000324,    0.002555
15/02/2021 09:27:12,    2.334973,    0.093758,    0.014429,   -0.000324,    0.002545
15/02/2021 09:27:42,    2.335217,    0.094002,    0.014467,   -0.000324,    0.002534
15/02/2021 09:28:12,    2.335459,    0.094244,    0.014504,   -0.000324,    0.002523
15/02/2021 09:28:42,    2.335692,    0.094477,    0.014540,   -0.000323,    0.002510
15/02/2021 09:29:12,    2.335909,    0.094693,    0.014573,   -0.000323,    0.002497
15/02/2021 09:29:42,    2.336101,    0.094885,    0.014603,   -0.000323,    0.002483
15/02/2021 09:30:12,    2.336264,    0.095048,    0.014628,   -0.000323,    0.002468
15/02/2021 09:30:42,    2.336399,    0.095184,    0.014649,   -0.000322,    0.002452
15/02/2021 09:31:12,    2.336511,    0.095295,    0.014666,   -0.000322,    0.002435
15/02/2021 09:31:42,    2.336602,    0.095387,    0.014680,   -0.000321,    0.002418
15/02/2021 09:32:12,    2.336678,    0.095462,    0.014692,   -0.000321,    0.002400
15/02/2021 09:32:42,    2.336740,    0.095525,    0.014701,   -0.000320,    0.002381
15/02/2021 09:33:12,    2.336794,    0.095579,    0.014710,   -0.000319,    0.002361
15/02/2021 09:33:42,    2.336843,    0.095628,    0.014717,   -0.000318,    0.002340
15/02/2021 09:34:12,    2.336891,    0.095675,    0.014724,   -0.000318,    0.002319
15/02/2021 09:34:42,    2.336941,    0.095725,    0.014732,   -0.000317,    0.002297
15/02/2021 09:35:12,    2.336996,    0.095781,    0.014741,   -0.000316,    0.002275
15/02/2021 09:35:42,    2.337055,    0.095840,    0.014750,   -0.000315,    0.002252
15/02/2021 09:36:12,    2.337116,    0.095901,    0.014759,   -0.000314,    0.002228
15/02/2021 09:36:42,    2.337177,    0.095962,    0.014768,   -0.000312,    0.002204
15/02/2021 09:37:12,    2.337235,    0.096020,    0.014777,   -0.000311,    0.002179
15/02/2021 09:37:42,    2.337289,    0.096073,    0.014786,   -0.000310,    0.002154
15/02/2021 09:38:12,    2.337335,    0.096120,    0.014793,   -0.000309,    0.002128
15/02/2021 09:38:42,    2.337373,    0.096158,    0.014799,   -0.000307,    0.002102
15/02/2021 09:39:12,    2.337399,    0.096184,    0.014803,   -0.000306,    0.002076
15/02/2021 09:39:42,    2.337413,    0.096197,    0.014805,   -0.000304,    0.002049
15/02/2021 09:40:12,    2.337410,    0.096195,    0.014804,   -0.000303,    0.002022
15/02/2021 09:40:42,    2.337392,    0.096176,    0.014802,   -0.000301,    0.001994
15/02/2021 09:41:12,    2.337356,    0.096141,    0.014796,   -0.000300,    0.001966
15/02/2021 09:41:42,    2.337303,    0.096087,    0.014788,   -0.000298,    0.001938
15/02/2021 09:42:12,    2.337231,    0.096016,    0.014777,   -0.000296,    0.001910
15/02/2021 09:42:42,    2.337140,    0.095924,    0.014763,   -0.000294,    0.001881
15/02/2021 09:43:12,    2.337029,    0.095813,    0.014746,   -0.000292,    0.001852
15/02/2021 09:43:42,    2.336896,    0.095681,    0.014725,   -0.000291,    0.001823
15/02/2021 09:44:12,    2.336743,    0.095527,    0.014702,   -0.000289,    0.001794
15/02/2021 09:44:42,    2.336567,    0.095351,    0.014675,   -0.000287,    0.001765
15/02/2021 09:45:12,    2.336370,    0.095154,    0.014644,   -0.000285,    0.001735
15/02/2021 09:45:42,    2.336159,    0.094943,    0.014612,   -0.000282,    0.001706
15/02/2021 09:46:12,    2.335943,    0.094728,    0.014579,   -0.000280,    0.001676
15/02/2021 09:46:42,    2.335733,    0.094517,    0.014546,   -0.000278,    0.001647
15/02/2021 09:47:12,    2.335536,    0.094321,    0.014516,   -0.000276,    0.001617
15/02/2021 09:47:42,    2.335364,    0.094148,    0.014489,   -0.000274,    0.001588
15/02/2021 09:48:12,    2.335224,    0.094009,    0.014468,   -0.000271,    0.001559
15/02/2021 09:48:42,    2.335127,    0.093911,    0.014453,   -0.000269,    0.001529
15/02/2021 09:49:12,    2.335081,    0.093866,    0.014446,   -0.000266,    0.001500
15/02/2021 09:49:42,    2.335096,    0.093881,    0.014448,   -0.000264,    0.001471
15/02/2021 09:50:12,    2.335178,    0.093963,    0.014461,   -0.000262,    0.001442
15/02/2021 09:50:42,    2.335319,    0.094104,    0.014483,   -0.000259,    0.001414
15/02/2021 09:51:12,    2.335508,    0.094293,    0.014512,   -0.000256,    0.001385
15/02/2021 09:51:42,    2.335733,    0.094518,    0.014546,   -0.000254,    0.001357
15/02/2021 09:52:12,    2.335984,    0.094769,    0.014585,   -0.000251,    0.001329
15/02/2021 09:52:42,    2.336249,    0.095034,    0.014626,   -0.000248,    0.001302
15/02/2021 09:53:12,    2.336517,    0.095301,    0.014667,   -0.000246,    0.001275
15/02/2021 09:53:42,    2.336776,    0.095561,    0.014707,   -0.000243,    0.001248
15/02/2021 09:54:12,    2.337016,    0.095801,    0.014744,   -0.000240,    0.001222
15/02/2021 09:54:42,    2.337225,    0.096010,    0.014776,   -0.000237,    0.001196
15/02/2021 09:55:12,    2.337395,    0.096180,    0.014802,   -0.000234,    0.001170
15/02/2021 09:55:42,    2.337529,    0.096314,    0.014823,   -0.000231,    0.001145
15/02/2021 09:56:12,    2.337633,    0.096418,    0.014839,   -0.000229,    0.001120
15/02/2021 09:56:42,    2.337713,    0.096497,    0.014851,   -0.000226,    0.001096
15/02/2021 09:57:12,    2.337774,    0.096559,    0.014860,   -0.000223,    0.001073
15/02/2021 09:57:42,    2.337823,    0.096608,    0.014868,   -0.000219,    0.001050
15/02/2021 09:58:12,    2.337866,    0.096651,    0.014875,   -0.000216,    0.001027
15/02/2021 09:58:42,    2.337909,    0.096693,    0.014881,   -0.000213,    0.001006
15/02/2021 09:59:12,    2.337956,    0.096741,    0.014888,   -0.000210,    0.000985
15/02/2021 09:59:42,    2.338016,    0.096800,    0.014898,   -0.000207,    0.000964
15/02/2021 10:00:12,    2.338091,    0.096876,    0.014909,   -0.000204,    0.000945
15/02/2021 10:00:42,    2.338182,    0.096966,    0.014923,   -0.000201,    0.000926
15/02/2021 10:01:12,    2.338285,    0.097070,    0.014939,   -0.000197,    0.000908
15/02/2021 10:01:42,    2.338399,    0.097183,    0.014956,   -0.000194,    0.000890
15/02/2021 10:02:12,    2.338520,    0.097305,    0.014975,   -0.000191,    0.000873
15/02/2021 10:02:42,    2.338647,    0.097432,    0.014995,   -0.000187,    0.000857
15/02/2021 10:03:12,    2.338778,    0.097562,    0.015015,   -0.000184,    0.000841
15/02/2021 10:03:42,    2.338909,    0.097694,    0.015035,   -0.000181,    0.000826
15/02/2021 10:04:12,    2.339039,    0.097824,    0.015055,   -0.000177,    0.000812
15/02/2021 10:04:42,    2.339165,    0.097950,    0.015074,   -0.000174,    0.000798
15/02/2021 10:05:12,    2.339286,    0.098070,    0.015093,   -0.000170,    0.000785
15/02/2021 10:05:42,    2.339399,    0.098183,    0.015110,   -0.000167,    0.000773
15/02/2021 10:06:12,    2.339504,    0.098288,    0.015127,   -0.000163,    0.000761
15/02/2021 10:06:42,    2.339600,    0.098384,    0.015141,   -0.000160,    0.000750
15/02/2021 10:07:12,    2.339686,    0.098470,    0.015155,   -0.000156,    0.000739
15/02/2021 10:07:42,    2.339761,    0.098546,    0.015166,   -0.000153,    0.000729
15/02/2021 10:08:12,    2.339825,    0.098609,    0.015176,   -0.000149,    0.000719
15/02/2021 10:08:42,    2.339875,    0.098660,    0.015184,   -0.000145,    0.000710
15/02/2021 10:09:12,    2.339913,    0.098697,    0.015190,   -0.000142,    0.000701
15/02/2021 10:09:42,    2.339935,    0.098720,    0.015193,   -0.000138,    0.000693
15/02/2021 10:10:12,    2.339943,    0.098727,    0.015194,   -0.000134,    0.000686
15/02/2021 10:10:42,    2.339937,    0.098722,    0.015193,   -0.000131,    0.000679
15/02/2021 10:11:12,    2.339920,    0.098704,    0.015191,   -0.000127,    0.000672
15/02/2021 10:11:42,    2.339894,    0.098678,    0.015187,   -0.000123,    0.000666
15/02/2021 10:12:12,    2.339860,    0.098644,    0.015181,   -0.000119,    0.000660
15/02/2021 10:12:42,    2.339821,    0.098606,    0.015175,   -0.000116,    0.000655
15/02/2021 10:13:12,    2.339780,    0.098564,    0.015169,   -0.000112,    0.000651
15/02/2021 10:13:42,    2.339737,    0.098521,    0.015162,   -0.000108,    0.000646
15/02/2021 10:14:12,    2.339695,    0.098480,    0.015156,   -0.000104,    0.000642
15/02/2021 10:14:42,    2.339657,    0.098442,    0.015150,   -0.000101,    0.000639
15/02/2021 10:15:12,    2.339624,    0.098409,    0.015145,   -0.000097,    0.000636
15/02/2021 10:15:42,    2.339597,    0.098382,    0.015141,   -0.000093,    0.000633
15/02/2021 10:16:12,    2.339577,    0.098362,    0.015138,   -0.000089,    0.000631
15/02/2021 10:16:42,    2.339566,    0.098350,    0.015136,   -0.000085,    0.000629
15/02/2021 10:17:12,    2.339563,    0.098347,    0.015136,   -0.000081,    0.000628
15/02/2021 10:17:42,    2.339569,    0.098354,    0.015137,   -0.000077,    0.000626
15/02/2021 10:18:12,    2.339586,    0.098371,    0.015139,   -0.000073,    0.000625
15/02/2021 10:18:42,    2.339615,    0.098400,    0.015144,   -0.000069,    0.000625
15/02/2021 10:19:12,    2.339656,    0.098440,    0.015150,   -0.000066,    0.000625
15/02/2021 10:19:42,    2.339710,    0.098494,    0.015158,   -0.000062,    0.000625
15/02/2021 10:20:12,    2.339777,    0.098562,    0.015169,   -0.000058,    0.000625
15/02/2021 10:20:42,    2.339855,    0.098640,    0.015181,   -0.000054,    0.000626
15/02/2021 10:21:12,    2.339942,    0.098726,    0.015194,   -0.000050,    0.000627
15/02/2021 10:21:42,    2.340033,    0.098818,    0.015208,   -0.000046,    0.000628
15/02/2021 10:22:12,    2.340126,    0.098911,    0.015222,   -0.000042,    0.000630
15/02/2021 10:22:42,    2.340219,    0.099003,    0.015237,   -0.000038,    0.000632
15/02/2021 10:23:12,    2.340307,    0.099091,    0.015250,   -0.000034,    0.000634
15/02/2021 10:23:42,    2.340388,    0.099172,    0.015263,   -0.000030,    0.000636
15/02/2021 10:24:12,    2.340459,    0.099243,    0.015274,   -0.000026,    0.000638
15/02/2021 10:24:42,    2.340517,    0.099301,    0.015282,   -0.000022,    0.000641
15/02/2021 10:25:12,    2.340559,    0.099343,    0.015289,   -0.000018,    0.000644
15/02/2021 10:25:42,    2.340584,    0.099368,    0.015293,   -0.000014,    0.000647
15/02/2021 10:26:12,    2.340591,    0.099376,    0.015294,   -0.000010,    0.000650
15/02/2021 10:26:42,    2.340580,    0.099364,    0.015292,   -0.000006,    0.000654
15/02/2021 10:27:12,    2.340549,    0.099333,    0.015287,   -0.000002,    0.000657
15/02/2021 10:27:42,    2.340497,    0.099282,    0.015280,    0.000002,    0.000661
15/02/2021 10:28:12,    2.340425,    0.099209,    0.015268,    0.000006,    0.000665
15/02/2021 10:28:42,    2.340330,    0.099115,    0.015254,    0.000010,    0.000669
15/02/2021 10:29:12,    2.340213,    0.098997,    0.015236,    0.000014,    0.000673
15/02/2021 10:29:42,    2.340071,    0.098856,    0.015214,    0.000018,    0.000677
15/02/2021 10:30:12,    2.339906,    0.098691,    0.015189,    0.000022,    0.000681
15/02/2021 10:30:42,    2.339723,    0.098507,    0.015160,    0.000026,    0.000686
15/02/2021 10:31:12,    2.339525,    0.098310,    0.015130,    0.000030,    0.000690
15/02/2021 10:31:42,    2.339320,    0.098105,    0.015098,    0.000034,    0.000695
15/02/2021 10:32:12,    2.339113,    0.097898,    0.015067,    0.000038,    0.000699
15/02/2021 10:32:42,    2.338910,    0.097695,    0.015035,    0.000042,    0.000704
15/02/2021 10:33:12,    2.338716,    0.097500,    0.015005,    0.000046,    0.000709
15/02/2021 10:33:42,    2.338537,    0.097321,    0.014978,    0.000050,    0.000714
15/02/2021 10:34:12,    2.338377,    0.097162,    0.014953,    0.000054,    0.000719
15/02/2021 10:34:42,    2.338245,    0.097029,    0.014933,    0.000058,    0.000724
15/02/2021 10:35:12,    2.338143,    0.096927,    0.014917,    0.000062,    0.000729
15/02/2021 10:35:42,    2.338071,    0.096856,    0.014906,    0.000066,    0.000734
15/02/2021 10:36:12,    2.338028,    0.096813,    0.014899,    0.000070,    0.000740
15/02/2021 10:36:42,    2.338012,    0.096797,    0.014897,    0.000074,    0.000745
15/02/2021 10:37:12,    2.338022,    0.096806,    0.014899,    0.000078,    0.000751
15/02/2021 10:37:42,    2.338056,    0.096840,    0.014904,    0.000082,    0.000756
15/02/2021 10:38:12,    2.338112,    0.096896,    0.014912,    0.000086,    0.000762
15/02/2021 10:38:42,    2.338189,    0.096974,    0.014924,    0.000090,    0.000768
15/02/2021 10:39:12,    2.338286,    0.097070,    0.014939,    0.000094,    0.000773
15/02/2021 10:39:42,    2.338400,    0.097185,    0.014957,    0.000098,    0.000779
15/02/2021 10:40:12,    2.338531,    0.097315,    0.014977,    0.000102,    0.000785
15/02/2021 10:40:42,    2.338675,    0.097459,    0.014999,    0.000106,    0.000791
15/02/2021 10:41:12,    2.338828,    0.097612,    0.015023,    0.000110,    0.000797
15/02/2021 10:41:42,    2.338987,    0.097771,    0.015047,    0.000114,    0.000803
15/02/2021 10:42:12,    2.339149,    0.097934,    0.015072,    0.000118,    0.000810
15/02/2021 10:42:42,    2.339311,    0.098095,    0.015097,    0.000122,    0.000816
15/02/2021 10:43:12,    2.339468,    0.098253,    0.015121,    0.000126,    0.000822
15/02/2021 10:43:42,    2.339618,    0.098403,    0.015144,    0.000130,    0.000829
15/02/2021 10:44:12,    2.339758,    0.098543,    0.015166,    0.000134,    0.000835
15/02/2021 10:44:42,    2.339884,    0.098668,    0.015185,    0.000138,    0.000842
15/02/2021 10:45:12,    2.339992,    0.098777,    0.015202,    0.000142,    0.000848
15/02/2021 10:45:42,    2.340083,    0.098868,    0.015216,    0.000146,    0.000855
15/02/2021 10:46:12,    2.340156,    0.098941,    0.015227,    0.000150,    0.000862
15/02/2021 10:46:42,    2.340211,    0.098995,    0.015235,    0.000154,    0.000868
15/02/2021 10:47:12,    2.340247,    0.099032,    0.015241,    0.000158,    0.000875
15/02/2021 10:47:42,    2.340265,    0.099049,    0.015244,    0.000161,    0.000882
15/02/2021 10:48:12,    2.340263,    0.099048,    0.015244,    0.000165,    0.000889
15/02/2021 10:48:42,    2.340243,    0.099028,    0.015240,    0.000169,    0.000896
15/02/2021 10:49:12,    2.340203,    0.098988,    0.015234,    0.000173,    0.000903
15/02/2021 10:49:42,    2.340144,    0.098928,    0.015225,    0.000177,    0.000910
15/02/2021 10:50:12,    2.340065,    0.098849,    0.015213,    0.000181,    0.000917
15/02/2021 10:50:42,    2.339967,    0.098752,    0.015198,    0.000185,    0.000924
15/02/2021 10:51:12,    2.339853,    0.098638,    0.015180,    0.000189,    0.000932
15/02/2021 10:51:42,    2.339724,    0.098508,    0.015160,    0.000193,    0.000939
15/02/2021 10:52:12,    2.339580,    0.098365,    0.015138,    0.000197,    0.000946
15/02/2021 10:52:42,    2.339424,    0.098209,    0.015114,    0.000200,    0.000953
15/02/2021 10:53:12,    2.339257,    0.098042,    0.015089,    0.000204,    0.000961
15/02/2021 10:53:42,    2.339081,    0.097866,    0.015062,    0.000208,    0.000968
15/02/2021 10:54:12,    2.338897,    0.097682,    0.015033,    0.000212,    0.000976
15/02/2021 10:54:42,    2.338706,    0.097491,    0.015004,    0.000216,    0.000983
15/02/2021 10:55:12,    2.338511,    0.097295,    0.014974,    0.000220,    0.000991
15/02/2021 10:55:42,    2.338308,    0.097093,    0.014943,    0.000224,    0.000998
15/02/2021 10:56:12,    2.338098,    0.096882,    0.014910,    0.000227,    0.001006
15/02/2021 10:56:42,    2.337878,    0.096662,    0.014876,    0.000231,    0.001014
15/02/2021 10:57:12,    2.337646,    0.096431,    0.014841,    0.000235,    0.001021
15/02/2021 10:57:42,    2.337402,    0.096187,    0.014803,    0.000239,    0.001029
15/02/2021 10:58:12,    2.337144,    0.095929,    0.014763,    0.000243,    0.001037
15/02/2021 10:58:42,    2.336870,    0.095655,    0.014721,    0.000247,    0.001045
15/02/2021 10:59:12,    2.336579,    0.095363,    0.014676,    0.000250,    0.001052
15/02/2021 10:59:42,    2.336268,    0.095053,    0.014629,    0.000254,    0.001060
15/02/2021 11:00:12,    2.335938,    0.094723,    0.014578,    0.000258,    0.001068
15/02/2021 11:00:42,    2.335593,    0.094377,    0.014525,    0.000262,    0.001076
15/02/2021 11:01:12,    2.335236,    0.094020,    0.014470,    0.000265,    0.001084
15/02/2021 11:01:42,    2.334872,    0.093657,    0.014414,    0.000269,    0.001092
15/02/2021 11:02:12,    2.334507,    0.093292,    0.014358,    0.000273,    0.001100
15/02/2021 11:02:42,    2.334145,    0.092929,    0.014302,    0.000277,    0.001108
15/02/2021 11:03:12,    2.333790,    0.092575,    0.014247,    0.000280,    0.001116
15/02/2021 11:03:42,    2.333447,    0.092232,    0.014195,    0.000284,    0.001123
15/02/2021 11:04:12,    2.333122,    0.091906,    0.014144,    0.000288,    0.001131
15/02/2021 11:04:42,    2.332818,    0.091602,    0.014098,    0.000291,    0.001139
15/02/2021 11:05:12,    2.332539,    0.091324,    0.014055,    0.000295,    0.001147
15/02/2021 11:05:42,    2.332289,    0.091074,    0.014016,    0.000299,    0.001155
15/02/2021 11:06:12,    2.332070,    0.090854,    0.013983,    0.000302,    0.001163
15/02/2021 11:06:42,    2.331883,    0.090668,    0.013954,    0.000305,    0.001171
15/02/2021 11:07:12,    2.331732,    0.090517,    0.013931,    0.000309,    0.001179
15/02/2021 11:07:42,    2.331618,    0.090403,    0.013913,    0.000312,    0.001187
15/02/2021 11:08:12,    2.331544,    0.090328,    0.013902,    0.000316,    0.001194
15/02/2021 11:08:42,    2.331511,    0.090296,    0.013897,    0.000319,    0.001202
15/02/2021 11:09:12,    2.331523,    0.090307,    0.013898,    0.000322,    0.001210
15/02/2021 11:09:42,    2.331581,    0.090365,    0.013907,    0.000325,    0.001218
15/02/2021 11:10:12,    2.331686,    0.090470,    0.013923,    0.000328,    0.001225
15/02/2021 11:10:42,    2.331832,    0.090617,    0.013946,    0.000331,    0.001233
15/02/2021 11:11:12,    2.332013,    0.090798,    0.013974,    0.000334,    0.001240
15/02/2021 11:11:42,    2.332222,    0.091007,    0.014006,    0.000337,    0.001248
15/02/2021 11:12:12,    2.332452,    0.091237,    0.014041,    0.000340,    0.001255
15/02/2021 11:12:42,    2.332696,    0.091481,    0.014079,    0.000342,    0.001263
15/02/2021 11:13:12,    2.332948,    0.091732,    0.014118,    0.000345,    0.001270
15/02/2021 11:13:42,    2.333199,    0.091984,    0.014156,    0.000348,    0.001277
15/02/2021 11:14:12,    2.333444,    0.092229,    0.014194,    0.000350,    0.001285
15/02/2021 11:14:42,    2.333676,    0.092460,    0.014230,    0.000352,    0.001292
15/02/2021 11:15:12,    2.333888,    0.092672,    0.014262,    0.000355,    0.001299
15/02/2021 11:15:42,    2.334080,    0.092864,    0.014292,    0.000357,    0.001306
15/02/2021 11:16:12,    2.334252,    0.093036,    0.014318,    0.000359,    0.001313
15/02/2021 11:16:42,    2.334404,    0.093189,    0.014342,    0.000361,    0.001320
15/02/2021 11:17:12,    2.334537,    0.093322,    0.014362,    0.000363,    0.001326
15/02/2021 11:17:42,    2.334651,    0.093435,    0.014380,    0.000364,    0.001333
15/02/2021 11:18:12,    2.334745,    0.093529,    0.014394,    0.000366,    0.001339
15/02/2021 11:18:42,    2.334820,    0.093605,    0.014406,    0.000368,    0.001346
15/02/2021 11:19:12,    2.334877,    0.093662,    0.014415,    0.000369,    0.001352
15/02/2021 11:19:42,    2.334915,    0.093700,    0.014420,    0.000370,    0.001358
15/02/2021 11:20:12,    2.334936,    0.093720,    0.014424,    0.000371,    0.001365
15/02/2021 11:20:42,    2.334942,    0.093726,    0.014425,    0.000372,    0.001371
15/02/2021 11:21:12,    2.334937,    0.093721,    0.014424,    0.000373,    0.001377
15/02/2021 11:21:42,    2.334924,    0.093708,    0.014422,    0.000374,    0.001382
15/02/2021 11:22:12,    2.334907,    0.093692,    0.014419,    0.000375,    0.001388
15/02/2021 11:22:42,    2.334890,    0.093675,    0.014417,    0.000375,    0.001394
15/02/2021 11:23:12,    2.334877,    0.093661,    0.014415,    0.000376,    0.001399
15/02/2021 11:23:42,    2.334870,    0.093654,    0.014413,    0.000376,    0.001404
15/02/2021 11:24:12,    2.334873,    0.093657,    0.014414,    0.000376,    0.001409
15/02/2021 11:24:42,    2.334890,    0.093675,    0.014417,    0.000376,    0.001414
15/02/2021 11:25:12,    2.334924,    0.093709,    0.014422,    0.000376,    0.001419
15/02/2021 11:25:42,    2.334974,    0.093758,    0.014429,    0.000375,    0.001424
15/02/2021 11:26:12,    2.335036,    0.093821,    0.014439,    0.000375,    0.001429
15/02/2021 11:26:42,    2.335110,    0.093894,    0.014450,    0.000374,    0.001433
15/02/2021 11:27:12,    2.335192,    0.093977,    0.014463,    0.000373,    0.001437
15/02/2021 11:27:42,    2.335282,    0.094067,    0.014477,    0.000372,    0.001442
15/02/2021 11:28:12,    2.335376,    0.094161,    0.014491,    0.000371,    0.001446
15/02/2021 11:28:42,    2.335473,    0.094257,    0.014506,    0.000369,    0.001449
15/02/2021 11:29:12,    2.335570,    0.094354,    0.014521,    0.000368,    0.001453
15/02/2021 11:29:42,    2.335665,    0.094449,    0.014536,    0.000366,    0.001456
15/02/2021 11:30:12,    2.335756,    0.094541,    0.014550,    0.000364,    0.001460
15/02/2021 11:30:42,    2.335842,    0.094627,    0.014563,    0.000362,    0.001463
15/02/2021 11:31:12,    2.335922,    0.094706,    0.014575,    0.000360,    0.001466
15/02/2021 11:31:42,    2.335994,    0.094778,    0.014586,    0.000357,    0.001469
15/02/2021 11:32:12,    2.336056,    0.094841,    0.014596,    0.000354,    0.001471
15/02/2021 11:32:42,    2.336109,    0.094893,    0.014604,    0.000352,    0.001473
15/02/2021 11:33:12,    2.336149,    0.094934,    0.014610,    0.000349,    0.001475
15/02/2021 11:33:42,    2.336178,    0.094962,    0.014615,    0.000345,    0.001477
15/02/2021 11:34:12,    2.336191,    0.094976,    0.014617,    0.000342,    0.001479
15/02/2021 11:34:42,    2.336190,    0.094974,    0.014617,    0.000339,    0.001480
15/02/2021 11:35:12,    2.336172,    0.094957,    0.014614,    0.000335,    0.001481
15/02/2021 11:35:42,    2.336140,    0.094925,    0.014609,    0.000331,    0.001482
15/02/2021 11:36:12,    2.336097,    0.094881,    0.014602,    0.000327,    0.001483
15/02/2021 11:36:42,    2.336043,    0.094828,    0.014594,    0.000323,    0.001483
15/02/2021 11:37:12,    2.335983,    0.094767,    0.014585,    0.000319,    0.001483
15/02/2021 11:37:42,    2.335918,    0.094702,    0.014575,    0.000314,    0.001483
15/02/2021 11:38:12,    2.335851,    0.094635,    0.014564,    0.000309,    0.001483
15/02/2021 11:38:42,    2.335784,    0.094568,    0.014554,    0.000305,    0.001482
15/02/2021 11:39:12,    2.335719,    0.094504,    0.014544,    0.000300,    0.001481
15/02/2021 11:39:42,    2.335660,    0.094444,    0.014535,    0.000294,    0.001479
15/02/2021 11:40:12,    2.335607,    0.094392,    0.014527,    0.000289,    0.001477
15/02/2021 11:40:42,    2.335562,    0.094347,    0.014520,    0.000284,    0.001475
15/02/2021 11:41:12,    2.335525,    0.094309,    0.014514,    0.000278,    0.001473
15/02/2021 11:41:42,    2.335495,    0.094279,    0.014510,    0.000273,    0.001470
15/02/2021 11:42:12,    2.335472,    0.094256,    0.014506,    0.000267,    0.001467
15/02/2021 11:42:42,    2.335457,    0.094241,    0.014504,    0.000261,    0.001463
15/02/2021 11:43:12,    2.335449,    0.094234,    0.014503,    0.000254,    0.001460
15/02/2021 11:43:42,    2.335449,    0.094234,    0.014503,    0.000248,    0.001455
15/02/2021 11:44:12,    2.335457,    0.094241,    0.014504,    0.000242,    0.001451
15/02/2021 11:44:42,    2.335472,    0.094256,    0.014506,    0.000235,    0.001446
15/02/2021 11:45:12,    2.335494,    0.094279,    0.014510,    0.000228,    0.001440
15/02/2021 11:45:42,    2.335521,    0.094306,    0.014514,    0.000222,    0.001434
15/02/2021 11:46:12,    2.335551,    0.094336,    0.014518,    0.000215,    0.001428
15/02/2021 11:46:42,    2.335581,    0.094365,    0.014523,    0.000208,    0.001421
15/02/2021 11:47:12,    2.335608,    0.094392,    0.014527,    0.000200,    0.001414
15/02/2021 11:47:42,    2.335629,    0.094413,    0.014530,    0.000193,    0.001406
15/02/2021 11:48:12,    2.335642,    0.094426,    0.014532,    0.000186,    0.001398
15/02/2021 11:48:42,    2.335644,    0.094429,    0.014533,    0.000178,    0.001390
15/02/2021 11:49:12,    2.335633,    0.094418,    0.014531,    0.000170,    0.001381
15/02/2021 11:49:42,    2.335606,    0.094391,    0.014527,    0.000162,    0.001372
15/02/2021 11:50:12,    2.335562,    0.094346,    0.014520,    0.000154,    0.001362
15/02/2021 11:50:42,    2.335503,    0.094288,    0.014511,    0.000146,    0.001351
15/02/2021 11:51:12,    2.335435,    0.094219,    0.014500,    0.000138,    0.001340
15/02/2021 11:51:42,    2.335361,    0.094146,    0.014489,    0.000130,    0.001329
15/02/2021 11:52:12,    2.335288,    0.094072,    0.014478,    0.000121,    0.001317
15/02/2021 11:52:42,    2.335217,    0.094002,    0.014467,    0.000113,    0.001305
15/02/2021 11:53:12,    2.335156,    0.093940,    0.014458,    0.000104,    0.001292
15/02/2021 11:53:42,    2.335107,    0.093891,    0.014450,    0.000095,    0.001278
15/02/2021 11:54:12,    2.335075,    0.093860,    0.014445,    0.000086,    0.001264
15/02/2021 11:54:42,    2.335066,    0.093850,    0.014444,    0.000077,    0.001250
15/02/2021 11:55:12,    2.335082,    0.093866,    0.014446,    0.000068,    0.001235
15/02/2021 11:55:42,    2.335121,    0.093906,    0.014452,    0.000059,    0.001219
15/02/2021 11:56:12,    2.335183,    0.093968,    0.014462,    0.000050,    0.001203
15/02/2021 11:56:42,    2.335264,    0.094049,    0.014474,    0.000040,    0.001186
15/02/2021 11:57:12,    2.335362,    0.094147,    0.014489,    0.000031,    0.001168
15/02/2021 11:57:42,    2.335476,    0.094260,    0.014507,    0.000021,    0.001150
15/02/2021 11:58:12,    2.335602,    0.094386,    0.014526,    0.000012,    0.001132
15/02/2021 11:58:42,    2.335738,    0.094522,    0.014547,    0.000002,    0.001113
15/02/2021 11:59:12,    2.335882,    0.094667,    0.014569,   -0.000008,    0.001093
15/02/2021 11:59:42,    2.336032,    0.094817,    0.014592,   -0.000018,    0.001072
15/02/2021 12:00:12,    2.336186,    0.094971,    0.014616,   -0.000028,    0.001051
15/02/2021 12:00:42,    2.336342,    0.095126,    0.014640,   -0.000038,    0.001030
15/02/2021 12:01:12,    2.336498,    0.095283,    0.014664,   -0.000049,    0.001007
15/02/2021 12:01:42,    2.336655,    0.095439,    0.014688,   -0.000059,    0.000985
15/02/2021 12:02:12,    2.336809,    0.095594,    0.014712,   -0.000069,    0.000961
15/02/2021 12:02:42,    2.336961,    0.095745,    0.014735,   -0.000080,    0.000937
15/02/2021 12:03:12,    2.337108,    0.095892,    0.014758,   -0.000090,    0.000913
15/02/2021 12:03:42,    2.337249,    0.096033,    0.014780,   -0.000101,    0.000889
15/02/2021 12:04:12,    2.337383,    0.096168,    0.014800,   -0.000112,    0.000863
15/02/2021 12:04:42,    2.337509,    0.096294,    0.014820,   -0.000123,    0.000838
15/02/2021 12:05:12,    2.337626,    0.096410,    0.014838,   -0.000133,    0.000812
15/02/2021 12:05:42,    2.337734,    0.096518,    0.014854,   -0.000144,    0.000786
15/02/2021 12:06:12,    2.337833,    0.096618,    0.014870,   -0.000155,    0.000760
15/02/2021 12:06:42,    2.337925,    0.096710,    0.014884,   -0.000166,    0.000733
15/02/2021 12:07:12,    2.338011,    0.096796,    0.014897,   -0.000178,    0.000706
15/02/2021 12:07:42,    2.338091,    0.096875,    0.014909,   -0.000189,    0.000679
15/02/2021 12:08:12,    2.338166,    0.096950,    0.014921,   -0.000200,    0.000652
15/02/2021 12:08:42,    2.338236,    0.097020,    0.014932,   -0.000211,    0.000625
15/02/2021 12:09:12,    2.338302,    0.097087,    0.014942,   -0.000223,    0.000598
15/02/2021 12:09:42,    2.338366,    0.097151,    0.014952,   -0.000234,    0.000570
15/02/2021 12:10:12,    2.338428,    0.097212,    0.014961,   -0.000246,    0.000543
15/02/2021 12:10:42,    2.338488,    0.097273,    0.014970,   -0.000257,    0.000515
15/02/2021 12:11:12,    2.338549,    0.097334,    0.014980,   -0.000269,    0.000488
15/02/2021 12:11:42,    2.338612,    0.097396,    0.014989,   -0.000280,    0.000460
15/02/2021 12:12:12,    2.338677,    0.097461,    0.014999,   -0.000292,    0.000433
15/02/2021 12:12:42,    2.338745,    0.097530,    0.015010,   -0.000304,    0.000406
15/02/2021 12:13:12,    2.338819,    0.097604,    0.015021,   -0.000316,    0.000379
15/02/2021 12:13:42,    2.338899,    0.097683,    0.015034,   -0.000327,    0.000352
15/02/2021 12:14:12,    2.338986,    0.097770,    0.015047,   -0.000339,    0.000325
15/02/2021 12:14:42,    2.339081,    0.097866,    0.015062,   -0.000351,    0.000298
15/02/2021 12:15:12,    2.339186,    0.097971,    0.015078,   -0.000363,    0.000272
15/02/2021 12:15:42,    2.339297,    0.098082,    0.015095,   -0.000375,    0.000246
15/02/2021 12:16:12,    2.339413,    0.098197,    0.015113,   -0.000387,    0.000220
15/02/2021 12:16:42,    2.339529,    0.098314,    0.015131,   -0.000399,    0.000195
15/02/2021 12:17:12,    2.339644,    0.098429,    0.015148,   -0.000411,    0.000170
15/02/2021 12:17:42,    2.339755,    0.098539,    0.015165,   -0.000423,    0.000146
15/02/2021 12:18:12,    2.339858,    0.098642,    0.015181,   -0.000435,    0.000122
15/02/2021 12:18:42,    2.339951,    0.098735,    0.015196,   -0.000448,    0.000098
15/02/2021 12:19:12,    2.340030,    0.098815,    0.015208,   -0.000460,    0.000075
15/02/2021 12:19:42,    2.340095,    0.098879,    0.015218,   -0.000472,    0.000052
15/02/2021 12:20:12,    2.340141,    0.098925,    0.015225,   -0.000484,    0.000030
15/02/2021 12:20:42,    2.340172,    0.098956,    0.015230,   -0.000496,    0.000009
15/02/2021 12:21:12,    2.340191,    0.098975,    0.015232,   -0.000509,   -0.000012
15/02/2021 12:21:42,    2.340201,    0.098985,    0.015234,   -0.000521,   -0.000032
15/02/2021 12:22:12,    2.340205,    0.098990,    0.015235,   -0.000533,   -0.000052
15/02/2021 12:22:42,    2.340208,    0.098992,    0.015235,   -0.000545,   -0.000071
15/02/2021 12:23:12,    2.340211,    0.098996,    0.015236,   -0.000558,   -0.000089
15/02/2021 12:23:42,    2.340219,    0.099004,    0.015237,   -0.000570,   -0.000106
15/02/2021 12:24:12,    2.340235,    0.099019,    0.015239,   -0.000582,   -0.000123
15/02/2021 12:24:42,    2.340261,    0.099046,    0.015243,   -0.000594,   -0.000139
15/02/2021 12:25:12,    2.340302,    0.099086,    0.015250,   -0.000607,   -0.000153
15/02/2021 12:25:42,    2.340353,    0.099138,    0.015258,   -0.000619,   -0.000167
15/02/2021 12:26:12,    2.340415,    0.099200,    0.015267,   -0.000631,   -0.000181
15/02/2021 12:26:42,    2.340485,    0.099269,    0.015278,   -0.000644,   -0.000193
15/02/2021 12:27:12,    2.340559,    0.099344,    0.015289,   -0.000656,   -0.000204
15/02/2021 12:27:42,    2.340637,    0.099422,    0.015301,   -0.000668,   -0.000214
15/02/2021 12:28:12,    2.340716,    0.099501,    0.015313,   -0.000680,   -0.000223
15/02/2021 12:28:42,    2.340794,    0.099579,    0.015325,   -0.000693,   -0.000231
15/02/2021 12:29:12,    2.340868,    0.099653,    0.015337,   -0.000705,   -0.000238
15/02/2021 12:29:42,    2.340937,    0.099721,    0.015347,   -0.000717,   -0.000244
15/02/2021 12:30:12,    2.340997,    0.099782,    0.015357,   -0.000729,   -0.000249
15/02/2021 12:30:42,    2.341048,    0.099833,    0.015364,   -0.000742,   -0.000253
15/02/2021 12:31:12,    2.341089,    0.099874,    0.015371,   -0.000754,   -0.000255
15/02/2021 12:31:42,    2.341119,    0.099903,    0.015375,   -0.000766,   -0.000257
15/02/2021 12:32:12,    2.341135,    0.099919,    0.015378,   -0.000778,   -0.000258
15/02/2021 12:32:42,    2.341137,    0.099921,    0.015378,   -0.000790,   -0.000257
15/02/2021 12:33:12,    2.341124,    0.099908,    0.015376,   -0.000802,   -0.000256
15/02/2021 12:33:42,    2.341094,    0.099878,    0.015371,   -0.000814,   -0.000253
15/02/2021 12:34:12,    2.341046,    0.099830,    0.015364,   -0.000826,   -0.000250
15/02/2021 12:34:42,    2.340979,    0.099763,    0.015354,   -0.000838,   -0.000246
15/02/2021 12:35:12,    2.340892,    0.099676,    0.015340,   -0.000850,   -0.000241
15/02/2021 12:35:42,    2.340789,    0.099573,    0.015325,   -0.000861,   -0.000235
15/02/2021 12:36:12,    2.340672,    0.099457,    0.015307,   -0.000873,   -0.000228
15/02/2021 12:36:42,    2.340547,    0.099332,    0.015287,   -0.000885,   -0.000221
15/02/2021 12:37:12,    2.340416,    0.099201,    0.015267,   -0.000896,   -0.000213
15/02/2021 12:37:42,    2.340284,    0.099068,    0.015247,   -0.000908,   -0.000204
15/02/2021 12:38:12,    2.340153,    0.098938,    0.015227,   -0.000919,   -0.000195
15/02/2021 12:38:42,    2.340029,    0.098813,    0.015208,   -0.000930,   -0.000185
15/02/2021 12:39:12,    2.339913,    0.098698,    0.015190,   -0.000942,   -0.000174
15/02/2021 12:39:42,    2.339811,    0.098596,    0.015174,   -0.000953,   -0.000163
15/02/2021 12:40:12,    2.339725,    0.098510,    0.015161,   -0.000964,   -0.000151
15/02/2021 12:40:42,    2.339657,    0.098442,    0.015150,   -0.000974,   -0.000139
15/02/2021 12:41:12,    2.339607,    0.098392,    0.015143,   -0.000985,   -0.000126
15/02/2021 12:41:42,    2.339576,    0.098360,    0.015138,   -0.000996,   -0.000113
15/02/2021 12:42:12,    2.339563,    0.098347,    0.015136,   -0.001006,   -0.000100
15/02/2021 12:42:42,    2.339570,    0.098354,    0.015137,   -0.001017,   -0.000086
15/02/2021 12:43:12,    2.339596,    0.098381,    0.015141,   -0.001027,   -0.000071
15/02/2021 12:43:42,    2.339644,    0.098428,    0.015148,   -0.001037,   -0.000057
15/02/2021 12:44:12,    2.339712,    0.098497,    0.015159,   -0.001047,   -0.000042
15/02/2021 12:44:42,    2.339802,    0.098587,    0.015173,   -0.001057,   -0.000027
15/02/2021 12:45:12,    2.339914,    0.098698,    0.015190,   -0.001066,   -0.000011
15/02/2021 12:45:42,    2.340045,    0.098829,    0.015210,   -0.001076,    0.000005
15/02/2021 12:46:12,    2.340193,    0.098977,    0.015233,   -0.001085,    0.000020
15/02/2021 12:46:42,    2.340356,    0.099140,    0.015258,   -0.001094,    0.000036
15/02/2021 12:47:12,    2.340531,    0.099315,    0.015285,   -0.001104,    0.000052
15/02/2021 12:47:42,    2.340715,    0.099500,    0.015313,   -0.001112,    0.000068
15/02/2021 12:48:12,    2.340907,    0.099692,    0.015343,   -0.001121,    0.000085
15/02/2021 12:48:42,    2.341104,    0.099888,    0.015373,   -0.001130,    0.000101
15/02/2021 12:49:12,    2.341303,    0.100087,    0.015404,   -0.001138,    0.000117
15/02/2021 12:49:42,    2.341501,    0.100286,    0.015434,   -0.001146,    0.000133
15/02/2021 12:50:12,    2.341698,    0.100483,    0.015464,   -0.001154,    0.000149
15/02/2021 12:50:42,    2.341893,    0.100677,    0.015494,   -0.001162,    0.000165
15/02/2021 12:51:12,    2.342086,    0.100871,    0.015524,   -0.001169,    0.000181
15/02/2021 12:51:42,    2.342279,    0.101064,    0.015554,   -0.001176,    0.000197
15/02/2021 12:52:12,    2.342473,    0.101257,    0.015584,   -0.001184,    0.000212
15/02/2021 12:52:42,    2.342668,    0.101452,    0.015614,   -0.001190,    0.000228
15/02/2021 12:53:12,    2.342865,    0.101649,    0.015644,   -0.001197,    0.000243
15/02/2021 12:53:42,    2.343064,    0.101849,    0.015675,   -0.001204,    0.000257
15/02/2021 12:54:12,    2.343268,    0.102052,    0.015706,   -0.001210,    0.000272
15/02/2021 12:54:42,    2.343476,    0.102260,    0.015738,   -0.001216,    0.000286
15/02/2021 12:55:12,    2.343688,    0.102472,    0.015771,   -0.001222,    0.000300
15/02/2021 12:55:42,    2.343903,    0.102687,    0.015804,   -0.001227,    0.000313
15/02/2021 12:56:12,    2.344118,    0.102902,    0.015837,   -0.001232,    0.000326
15/02/2021 12:56:42,    2.344330,    0.103114,    0.015870,   -0.001237,    0.000338
15/02/2021 12:57:12,    2.344537,    0.103321,    0.015901,   -0.001242,    0.000350
15/02/2021 12:57:42,    2.344735,    0.103520,    0.015932,   -0.001247,    0.000361
15/02/2021 12:58:12,    2.344923,    0.103708,    0.015961,   -0.001251,    0.000372
15/02/2021 12:58:42,    2.345098,    0.103883,    0.015988,   -0.001255,    0.000382
15/02/2021 12:59:12,    2.345258,    0.104042,    0.016012,   -0.001258,    0.000392
15/02/2021 12:59:42,    2.345398,    0.104183,    0.016034,   -0.001262,    0.000401
15/02/2021 13:00:12,    2.345517,    0.104302,    0.016052,   -0.001265,    0.000409
15/02/2021 13:00:42,    2.345611,    0.104396,    0.016067,   -0.001268,    0.000417
15/02/2021 13:01:12,    2.345676,    0.104461,    0.016077,   -0.001270,    0.000424
15/02/2021 13:01:42,    2.345709,    0.104493,    0.016082,   -0.001273,    0.000430
15/02/2021 13:02:12,    2.345705,    0.104489,    0.016081,   -0.001275,    0.000436
15/02/2021 13:02:42,    2.345660,    0.104444,    0.016074,   -0.001277,    0.000441
15/02/2021 13:03:12,    2.345571,    0.104355,    0.016061,   -0.001278,    0.000446
15/02/2021 13:03:42,    2.345433,    0.104218,    0.016039,   -0.001280,    0.000450
15/02/2021 13:04:12,    2.345244,    0.104028,    0.016010,   -0.001281,    0.000453
15/02/2021 13:04:42,    2.344998,    0.103783,    0.015972,   -0.001282,    0.000456
15/02/2021 13:05:12,    2.344696,    0.103480,    0.015926,   -0.001282,    0.000458
15/02/2021 13:05:42,    2.344347,    0.103132,    0.015872,   -0.001283,    0.000460
15/02/2021 13:06:12,    2.343965,    0.102750,    0.015813,   -0.001283,    0.000462
15/02/2021 13:06:42,    2.343564,    0.102349,    0.015752,   -0.001283,    0.000463
15/02/2021 13:07:12,    2.343157,    0.101941,    0.015689,   -0.001283,    0.000463
15/02/2021 13:07:42,    2.342757,    0.101542,    0.015628,   -0.001283,    0.000463
15/02/2021 13:08:12,    2.342378,    0.101163,    0.015569,   -0.001283,    0.000463
15/02/2021 13:08:42,    2.342034,    0.100819,    0.015516,   -0.001282,    0.000462
15/02/2021 13:09:12,    2.341738,    0.100522,    0.015471,   -0.001281,    0.000461
15/02/2021 13:09:42,    2.341503,    0.100288,    0.015435,   -0.001281,    0.000459
15/02/2021 13:10:12,    2.341340,    0.100124,    0.015409,   -0.001280,    0.000457
15/02/2021 13:10:42,    2.341244,    0.100029,    0.015395,   -0.001279,    0.000455
15/02/2021 13:11:12,    2.341210,    0.099995,    0.015389,   -0.001277,    0.000452
15/02/2021 13:11:42,    2.341230,    0.100015,    0.015393,   -0.001276,    0.000449
15/02/2021 13:12:12,    2.341298,    0.100082,    0.015403,   -0.001275,    0.000446
15/02/2021 13:12:42,    2.341406,    0.100190,    0.015420,   -0.001273,    0.000443
15/02/2021 13:13:12,    2.341547,    0.100332,    0.015441,   -0.001272,    0.000439
15/02/2021 13:13:42,    2.341716,    0.100500,    0.015467,   -0.001270,    0.000435
15/02/2021 13:14:12,    2.341904,    0.100689,    0.015496,   -0.001268,    0.000431
15/02/2021 13:14:42,    2.342106,    0.100890,    0.015527,   -0.001267,    0.000426
15/02/2021 13:15:12,    2.342314,    0.101098,    0.015559,   -0.001265,    0.000422
15/02/2021 13:15:42,    2.342520,    0.101305,    0.015591,   -0.001263,    0.000417
15/02/2021 13:16:12,    2.342718,    0.101503,    0.015622,   -0.001261,    0.000412
15/02/2021 13:16:42,    2.342901,    0.101685,    0.015650,   -0.001259,    0.000407
15/02/2021 13:17:12,    2.343060,    0.101845,    0.015674,   -0.001257,    0.000402
15/02/2021 13:17:42,    2.343190,    0.101974,    0.015694,   -0.001255,    0.000396
15/02/2021 13:18:12,    2.343281,    0.102066,    0.015708,   -0.001253,    0.000391
15/02/2021 13:18:42,    2.343328,    0.102113,    0.015715,   -0.001251,    0.000385
15/02/2021 13:19:12,    2.343323,    0.102107,    0.015715,   -0.001249,    0.000380
15/02/2021 13:19:42,    2.343258,    0.102042,    0.015705,   -0.001247,    0.000374
15/02/2021 13:20:12,    2.343130,    0.101914,    0.015685,   -0.001245,    0.000368
15/02/2021 13:20:42,    2.342948,    0.101732,    0.015657,   -0.001243,    0.000362
15/02/2021 13:21:12,    2.342725,    0.101509,    0.015623,   -0.001241,    0.000357
15/02/2021 13:21:42,    2.342474,    0.101258,    0.015584,   -0.001239,    0.000351
15/02/2021 13:22:12,    2.342208,    0.100992,    0.015543,   -0.001237,    0.000345
15/02/2021 13:22:42,    2.341939,    0.100724,    0.015502,   -0.001235,    0.000340
15/02/2021 13:23:12,    2.341682,    0.100466,    0.015462,   -0.001234,    0.000334
15/02/2021 13:23:42,    2.341448,    0.100233,    0.015426,   -0.001232,    0.000328
15/02/2021 13:24:12,    2.341251,    0.100035,    0.015396,   -0.001231,    0.000323
15/02/2021 13:24:42,    2.341103,    0.099888,    0.015373,   -0.001229,    0.000318
15/02/2021 13:25:12,    2.341015,    0.099800,    0.015359,   -0.001228,    0.000313
15/02/2021 13:25:42,    2.340985,    0.099770,    0.015355,   -0.001226,    0.000307
15/02/2021 13:26:12,    2.341009,    0.099794,    0.015359,   -0.001225,    0.000303
15/02/2021 13:26:42,    2.341083,    0.099867,    0.015370,   -0.001224,    0.000298
15/02/2021 13:27:12,    2.341202,    0.099987,    0.015388,   -0.001223,    0.000293
15/02/2021 13:27:42,    2.341363,    0.100147,    0.015413,   -0.001223,    0.000289
15/02/2021 13:28:12,    2.341560,    0.100345,    0.015443,   -0.001222,    0.000285
15/02/2021 13:28:42,    2.341790,    0.100575,    0.015479,   -0.001221,    0.000281
15/02/2021 13:29:12,    2.342049,    0.100834,    0.015519,   -0.001221,    0.000277
15/02/2021 13:29:42,    2.342332,    0.101117,    0.015562,   -0.001221,    0.000274
15/02/2021 13:30:12,    2.342635,    0.101420,    0.015609,   -0.001221,    0.000271
15/02/2021 13:30:42,    2.342954,    0.101739,    0.015658,   -0.001221,    0.000268
15/02/2021 13:31:12,    2.343286,    0.102070,    0.015709,   -0.001221,    0.000266
15/02/2021 13:31:42,    2.343626,    0.102410,    0.015761,   -0.001222,    0.000263
15/02/2021 13:32:12,    2.343970,    0.102754,    0.015814,   -0.001222,    0.000261
15/02/2021 13:32:42,    2.344315,    0.103099,    0.015867,   -0.001223,    0.000260
15/02/2021 13:33:12,    2.344656,    0.103440,    0.015920,   -0.001224,    0.000258
15/02/2021 13:33:42,    2.344990,    0.103774,    0.015971,   -0.001225,    0.000257
15/02/2021 13:34:12,    2.345313,    0.104097,    0.016021,   -0.001226,    0.000256
15/02/2021 13:34:42,    2.345620,    0.104405,    0.016068,   -0.001228,    0.000255
15/02/2021 13:35:12,    2.345909,    0.104694,    0.016113,   -0.001229,    0.000255
15/02/2021 13:35:42,    2.346178,    0.104962,    0.016154,   -0.001231,    0.000255
15/02/2021 13:36:12,    2.346424,    0.105208,    0.016192,   -0.001232,    0.000255
15/02/2021 13:36:42,    2.346646,    0.105431,    0.016226,   -0.001234,    0.000255
15/02/2021 13:37:12,    2.346843,    0.105628,    0.016256,   -0.001236,    0.000255
15/02/2021 13:37:42,    2.347013,    0.105798,    0.016283,   -0.001238,    0.000256
15/02/2021 13:38:12,    2.347155,    0.105939,    0.016304,   -0.001240,    0.000257
15/02/2021 13:38:42,    2.347266,    0.106051,    0.016322,   -0.001242,    0.000258
15/02/2021 13:39:12,    2.347347,    0.106131,    0.016334,   -0.001244,    0.000260
15/02/2021 13:39:42,    2.347393,    0.106178,    0.016341,   -0.001246,    0.000261
15/02/2021 13:40:12,    2.347406,    0.106190,    0.016343,   -0.001249,    0.000263
15/02/2021 13:40:42,    2.347387,    0.106171,    0.016340,   -0.001251,    0.000265
15/02/2021 13:41:12,    2.347339,    0.106123,    0.016333,   -0.001254,    0.000267
15/02/2021 13:41:42,    2.347265,    0.106050,    0.016321,   -0.001256,    0.000270
15/02/2021 13:42:12,    2.347169,    0.105953,    0.016307,   -0.001259,    0.000272
15/02/2021 13:42:42,    2.347053,    0.105837,    0.016289,   -0.001261,    0.000275
15/02/2021 13:43:12,    2.346920,    0.105704,    0.016268,   -0.001264,    0.000278
15/02/2021 13:43:42,    2.346773,    0.105557,    0.016246,   -0.001267,    0.000281
15/02/2021 13:44:12,    2.346615,    0.105400,    0.016221,   -0.001269,    0.000285
15/02/2021 13:44:42,    2.346450,    0.105235,    0.016196,   -0.001272,    0.000288
15/02/2021 13:45:12,    2.346280,    0.105065,    0.016170,   -0.001275,    0.000292
15/02/2021 13:45:42,    2.346108,    0.104893,    0.016143,   -0.001278,    0.000296
15/02/2021 13:46:12,    2.345936,    0.104721,    0.016117,   -0.001281,    0.000300
15/02/2021 13:46:42,    2.345767,    0.104552,    0.016091,   -0.001283,    0.000304
15/02/2021 13:47:12,    2.345604,    0.104389,    0.016066,   -0.001286,    0.000308
15/02/2021 13:47:42,    2.345450,    0.104234,    0.016042,   -0.001289,    0.000313
15/02/2021 13:48:12,    2.345305,    0.104090,    0.016020,   -0.001292,    0.000317
15/02/2021 13:48:42,    2.345175,    0.103959,    0.016000,   -0.001295,    0.000322
15/02/2021 13:49:12,    2.345060,    0.103844,    0.015982,   -0.001297,    0.000327
15/02/2021 13:49:42,    2.344964,    0.103748,    0.015967,   -0.001300,    0.000332
15/02/2021 13:50:12,    2.344887,    0.103672,    0.015955,   -0.001303,    0.000337
15/02/2021 13:50:42,    2.344830,    0.103615,    0.015947,   -0.001305,    0.000342
15/02/2021 13:51:12,    2.344790,    0.103574,    0.015940,   -0.001308,    0.000348
15/02/2021 13:51:42,    2.344764,    0.103549,    0.015936,   -0.001311,    0.000353
15/02/2021 13:52:12,    2.344750,    0.103535,    0.015934,   -0.001313,    0.000359
15/02/2021 13:52:42,    2.344747,    0.103532,    0.015934,   -0.001316,    0.000365
15/02/2021 13:53:12,    2.344752,    0.103536,    0.015935,   -0.001318,    0.000370
15/02/2021 13:53:42,    2.344762,    0.103546,    0.015936,   -0.001320,    0.000376
15/02/2021 13:54:12,    2.344776,    0.103560,    0.015938,   -0.001323,    0.000382
15/02/2021 13:54:42,    2.344791,    0.103576,    0.015941,   -0.001325,    0.000389
15/02/2021 13:55:12,    2.344805,    0.103590,    0.015943,   -0.001327,    0.000395
15/02/2021 13:55:42,    2.344815,    0.103600,    0.015944,   -0.001329,    0.000401
15/02/2021 13:56:12,    2.344818,    0.103602,    0.015945,   -0.001331,    0.000408
15/02/2021 13:56:42,    2.344809,    0.103594,    0.015943,   -0.001333,    0.000414
15/02/2021 13:57:12,    2.344786,    0.103570,    0.015940,   -0.001335,    0.000421
15/02/2021 13:57:42,    2.344744,    0.103529,    0.015933,   -0.001336,    0.000427
15/02/2021 13:58:12,    2.344682,    0.103466,    0.015924,   -0.001338,    0.000434
15/02/2021 13:58:42,    2.344594,    0.103378,    0.015910,   -0.001339,    0.000441
15/02/2021 13:59:12,    2.344478,    0.103262,    0.015892,   -0.001341,    0.000448
15/02/2021 13:59:42,    2.344330,    0.103114,    0.015870,   -0.001342,    0.000455
15/02/2021 14:00:12,    2.344149,    0.102933,    0.015842,   -0.001343,    0.000462
15/02/2021 14:00:42,    2.343940,    0.102725,    0.015810,   -0.001344,    0.000469
15/02/2021 14:01:12,    2.343712,    0.102497,    0.015775,   -0.001345,    0.000476
15/02/2021 14:01:42,    2.343472,    0.102257,    0.015738,   -0.001345,    0.000483
15/02/2021 14:02:12,    2.343229,    0.102014,    0.015700,   -0.001346,    0.000490
15/02/2021 14:02:42,    2.342990,    0.101775,    0.015663,   -0.001346,    0.000497
15/02/2021 14:03:12,    2.342764,    0.101548,    0.015629,   -0.001347,    0.000504
15/02/2021 14:03:42,    2.342557,    0.101341,    0.015597,   -0.001347,    0.000511
15/02/2021 14:04:12,    2.342378,    0.101163,    0.015569,   -0.001347,    0.000518
15/02/2021 14:04:42,    2.342235,    0.101020,    0.015547,   -0.001347,    0.000525
15/02/2021 14:05:12,    2.342134,    0.100919,    0.015532,   -0.001347,    0.000531
15/02/2021 14:05:42,    2.342073,    0.100858,    0.015522,   -0.001347,    0.000538
15/02/2021 14:06:12,    2.342049,    0.100833,    0.015519,   -0.001347,    0.000545
15/02/2021 14:06:42,    2.342058,    0.100842,    0.015520,   -0.001346,    0.000551
15/02/2021 14:07:12,    2.342096,    0.100881,    0.015526,   -0.001346,    0.000557
15/02/2021 14:07:42,    2.342160,    0.100945,    0.015536,   -0.001345,    0.000563
15/02/2021 14:08:12,    2.342247,    0.101032,    0.015549,   -0.001345,    0.000569
15/02/2021 14:08:42,    2.342353,    0.101137,    0.015565,   -0.001344,    0.000575
15/02/2021 14:09:12,    2.342474,    0.101258,    0.015584,   -0.001344,    0.000581
15/02/2021 14:09:42,    2.342607,    0.101391,    0.015604,   -0.001343,    0.000586
15/02/2021 14:10:12,    2.342747,    0.101532,    0.015626,   -0.001342,    0.000591
15/02/2021 14:10:42,    2.342894,    0.101679,    0.015649,   -0.001341,    0.000596
15/02/2021 14:11:12,    2.343044,    0.101829,    0.015672,   -0.001340,    0.000601
15/02/2021 14:11:42,    2.343195,    0.101980,    0.015695,   -0.001339,    0.000605
15/02/2021 14:12:12,    2.343344,    0.102129,    0.015718,   -0.001338,    0.000609
15/02/2021 14:12:42,    2.343489,    0.102274,    0.015740,   -0.001337,    0.000613
15/02/2021 14:13:12,    2.343627,    0.102412,    0.015762,   -0.001336,    0.000617
15/02/2021 14:13:42,    2.343757,    0.102541,    0.015781,   -0.001335,    0.000620
15/02/2021 14:14:12,    2.343874,    0.102659,    0.015800,   -0.001334,    0.000623
15/02/2021 14:14:42,    2.343978,    0.102762,    0.015815,   -0.001333,    0.000626
15/02/2021 14:15:12,    2.344065,    0.102850,    0.015829,   -0.001332,    0.000628
15/02/2021 14:15:42,    2.344136,    0.102921,    0.015840,   -0.001330,    0.000630
15/02/2021 14:16:12,    2.344192,    0.102976,    0.015848,   -0.001329,    0.000631
15/02/2021 14:16:42,    2.344232,    0.103017,    0.015855,   -0.001328,    0.000632
15/02/2021 14:17:12,    2.344257,    0.103042,    0.015858,   -0.001327,    0.000633
15/02/2021 14:17:42,    2.344268,    0.103052,    0.015860,   -0.001325,    0.000633
15/02/2021 14:18:12,    2.344264,    0.103049,    0.015860,   -0.001324,    0.000633
15/02/2021 14:18:42,    2.344247,    0.103031,    0.015857,   -0.001323,    0.000632
15/02/2021 14:19:12,    2.344216,    0.103001,    0.015852,   -0.001322,    0.000631
15/02/2021 14:19:42,    2.344172,    0.102957,    0.015845,   -0.001320,    0.000629
15/02/2021 14:20:12,    2.344116,    0.102901,    0.015837,   -0.001319,    0.000627
15/02/2021 14:20:42,    2.344051,    0.102836,    0.015827,   -0.001318,    0.000624
15/02/2021 14:21:12,    2.343980,    0.102765,    0.015816,   -0.001317,    0.000621
15/02/2021 14:21:42,    2.343907,    0.102692,    0.015805,   -0.001316,    0.000617
15/02/2021 14:22:12,    2.343836,    0.102620,    0.015794,   -0.001315,    0.000613
15/02/2021 14:22:42,    2.343769,    0.102554,    0.015783,   -0.001314,    0.000608
15/02/2021 14:23:12,    2.343711,    0.102495,    0.015774,   -0.001312,    0.000603
15/02/2021 14:23:42,    2.343664,    0.102449,    0.015767,   -0.001311,    0.000597
15/02/2021 14:24:12,    2.343633,    0.102418,    0.015762,   -0.001310,    0.000590
15/02/2021 14:24:42,    2.343621,    0.102406,    0.015761,   -0.001310,    0.000583
15/02/2021 14:25:12,    2.343630,    0.102415,    0.015762,   -0.001309,    0.000575
15/02/2021 14:25:42,    2.343658,    0.102442,    0.015766,   -0.001308,    0.000567
15/02/2021 14:26:12,    2.343701,    0.102485,    0.015773,   -0.001307,    0.000557
15/02/2021 14:26:42,    2.343755,    0.102540,    0.015781,   -0.001306,    0.000548
15/02/2021 14:27:12,    2.343818,    0.102603,    0.015791,   -0.001306,    0.000537
15/02/2021 14:27:42,    2.343886,    0.102670,    0.015801,   -0.001305,    0.000526
15/02/2021 14:28:12,    2.343954,    0.102739,    0.015812,   -0.001305,    0.000514
15/02/2021 14:28:42,    2.344020,    0.102805,    0.015822,   -0.001304,    0.000501
15/02/2021 14:29:12,    2.344080,    0.102865,    0.015831,   -0.001304,    0.000488
15/02/2021 14:29:42,    2.344131,    0.102915,    0.015839,   -0.001304,    0.000474
15/02/2021 14:30:12,    2.344168,    0.102952,    0.015845,   -0.001303,    0.000459
15/02/2021 14:30:42,    2.344191,    0.102976,    0.015848,   -0.001303,    0.000443
15/02/2021 14:31:12,    2.344199,    0.102984,    0.015850,   -0.001303,    0.000426
15/02/2021 14:31:42,    2.344192,    0.102976,    0.015848,   -0.001303,    0.000409
15/02/2021 14:32:12,    2.344167,    0.102952,    0.015845,   -0.001303,    0.000392
15/02/2021 14:32:42,    2.344125,    0.102910,    0.015838,   -0.001303,    0.000373
15/02/2021 14:33:12,    2.344064,    0.102849,    0.015829,   -0.001304,    0.000355
15/02/2021 14:33:42,    2.343984,    0.102769,    0.015816,   -0.001304,    0.000335
15/02/2021 14:34:12,    2.343884,    0.102668,    0.015801,   -0.001304,    0.000315
15/02/2021 14:34:42,    2.343761,    0.102546,    0.015782,   -0.001305,    0.000295
15/02/2021 14:35:12,    2.343618,    0.102402,    0.015760,   -0.001305,    0.000274
15/02/2021 14:35:42,    2.343454,    0.102238,    0.015735,   -0.001305,    0.000253
15/02/2021 14:36:12,    2.343272,    0.102057,    0.015707,   -0.001306,    0.000232
15/02/2021 14:36:42,    2.343075,    0.101859,    0.015677,   -0.001306,    0.000210
15/02/2021 14:37:12,    2.342864,    0.101648,    0.015644,   -0.001306,    0.000188
15/02/2021 14:37:42,    2.342641,    0.101426,    0.015610,   -0.001307,    0.000165
15/02/2021 14:38:12,    2.342410,    0.101194,    0.015574,   -0.001307,    0.000143
15/02/2021 14:38:42,    2.342171,    0.100955,    0.015537,   -0.001308,    0.000120
15/02/2021 14:39:12,    2.341927,    0.100711,    0.015500,   -0.001308,    0.000097
15/02/2021 14:39:42,    2.341680,    0.100465,    0.015462,   -0.001308,    0.000074
15/02/2021 14:40:12,    2.341434,    0.100218,    0.015424,   -0.001309,    0.000051
15/02/2021 14:40:42,    2.341192,    0.099976,    0.015387,   -0.001309,    0.000028
15/02/2021 14:41:12,    2.340960,    0.099744,    0.015351,   -0.001309,    0.000005
15/02/2021 14:41:42,    2.340744,    0.099528,    0.015318,   -0.001309,   -0.000018
15/02/2021 14:42:12,    2.340549,    0.099334,    0.015288,   -0.001309,   -0.000041
15/02/2021 14:42:42,    2.340381,    0.099166,    0.015262,   -0.001309,   -0.000064
15/02/2021 14:43:12,    2.340245,    0.099030,    0.015241,   -0.001309,   -0.000086
15/02/2021 14:43:42,    2.340147,    0.098931,    0.015226,   -0.001309,   -0.000109
15/02/2021 14:44:12,    2.340091,    0.098876,    0.015217,   -0.001309,   -0.000131
15/02/2021 14:44:42,    2.340085,    0.098869,    0.015216,   -0.001309,   -0.000153
15/02/2021 14:45:12,    2.340130,    0.098914,    0.015223,   -0.001308,   -0.000175
15/02/2021 14:45:42,    2.340222,    0.099006,    0.015237,   -0.001308,   -0.000196
15/02/2021 14:46:12,    2.340354,    0.099139,    0.015258,   -0.001307,   -0.000218
15/02/2021 14:46:42,    2.340521,    0.099305,    0.015283,   -0.001307,   -0.000238
15/02/2021 14:47:12,    2.340713,    0.099498,    0.015313,   -0.001306,   -0.000259
15/02/2021 14:47:42,    2.340926,    0.099710,    0.015346,   -0.001305,   -0.000278
15/02/2021 14:48:12,    2.341152,    0.099936,    0.015381,   -0.001304,   -0.000298
15/02/2021 14:48:42,    2.341383,    0.100168,    0.015416,   -0.001303,   -0.000317
15/02/2021 14:49:12,    2.341615,    0.100399,    0.015452,   -0.001302,   -0.000335
15/02/2021 14:49:42,    2.341839,    0.100623,    0.015486,   -0.001300,   -0.000353
15/02/2021 14:50:12,    2.342050,    0.100834,    0.015519,   -0.001299,   -0.000370
15/02/2021 14:50:42,    2.342248,    0.101032,    0.015549,   -0.001297,   -0.000386
15/02/2021 14:51:12,    2.342434,    0.101219,    0.015578,   -0.001295,   -0.000402
15/02/2021 14:51:42,    2.342610,    0.101394,    0.015605,   -0.001293,   -0.000417
15/02/2021 14:52:12,    2.342776,    0.101561,    0.015631,   -0.001291,   -0.000431
15/02/2021 14:52:42,    2.342934,    0.101719,    0.015655,   -0.001289,   -0.000444
15/02/2021 14:53:12,    2.343085,    0.101870,    0.015678,   -0.001286,   -0.000457
15/02/2021 14:53:42,    2.343231,    0.102015,    0.015701,   -0.001283,   -0.000468
15/02/2021 14:54:12,    2.343372,    0.102156,    0.015722,   -0.001280,   -0.000479
15/02/2021 14:54:42,    2.343509,    0.102294,    0.015743,   -0.001277,   -0.000489
15/02/2021 14:55:12,    2.343645,    0.102429,    0.015764,   -0.001274,   -0.000497
15/02/2021 14:55:42,    2.343779,    0.102563,    0.015785,   -0.001270,   -0.000505
15/02/2021 14:56:12,    2.343913,    0.102697,    0.015805,   -0.001266,   -0.000512
15/02/2021 14:56:42,    2.344047,    0.102831,    0.015826,   -0.001262,   -0.000518
15/02/2021 14:57:12,    2.344182,    0.102967,    0.015847,   -0.001258,   -0.000522
15/02/2021 14:57:42,    2.344319,    0.103104,    0.015868,   -0.001254,   -0.000525
15/02/2021 14:58:12,    2.344460,    0.103244,    0.015890,   -0.001249,   -0.000528
15/02/2021 14:58:42,    2.344603,    0.103388,    0.015912,   -0.001244,   -0.000528
15/02/2021 14:59:12,    2.344752,    0.103536,    0.015935,   -0.001239,   -0.000528
15/02/2021 14:59:42,    2.344905,    0.103690,    0.015958,   -0.001233,   -0.000526
15/02/2021 15:00:12,    2.345065,    0.103849,    0.015983,   -0.001228,   -0.000523
15/02/2021 15:00:42,    2.345228,    0.104013,    0.016008,   -0.001222,   -0.000519
15/02/2021 15:01:12,    2.345394,    0.104179,    0.016034,   -0.001215,   -0.000514
15/02/2021 15:01:42,    2.345561,    0.104345,    0.016059,   -0.001209,   -0.000507
15/02/2021 15:02:12,    2.345726,    0.104510,    0.016085,   -0.001202,   -0.000499
15/02/2021 15:02:42,    2.345887,    0.104671,    0.016109,   -0.001195,   -0.000490
15/02/2021 15:03:12,    2.346043,    0.104827,    0.016133,   -0.001188,   -0.000480
15/02/2021 15:03:42,    2.346191,    0.104976,    0.016156,   -0.001181,   -0.000468
15/02/2021 15:04:12,    2.346331,    0.105115,    0.016178,   -0.001173,   -0.000456
15/02/2021 15:04:42,    2.346459,    0.105244,    0.016197,   -0.001165,   -0.000443
15/02/2021 15:05:12,    2.346575,    0.105360,    0.016215,   -0.001158,   -0.000429
15/02/2021 15:05:42,    2.346679,    0.105464,    0.016231,   -0.001150,   -0.000414
15/02/2021 15:06:12,    2.346773,    0.105557,    0.016246,   -0.001141,   -0.000398
15/02/2021 15:06:42,    2.346858,    0.105642,    0.016259,   -0.001133,   -0.000381
15/02/2021 15:07:12,    2.346935,    0.105719,    0.016271,   -0.001125,   -0.000363
15/02/2021 15:07:42,    2.347006,    0.105790,    0.016282,   -0.001116,   -0.000345
15/02/2021 15:08:12,    2.347071,    0.105856,    0.016292,   -0.001108,   -0.000326
15/02/2021 15:08:42,    2.347133,    0.105918,    0.016301,   -0.001099,   -0.000306
15/02/2021 15:09:12,    2.347193,    0.105978,    0.016310,   -0.001090,   -0.000286
15/02/2021 15:09:42,    2.347252,    0.106037,    0.016320,   -0.001081,   -0.000265
15/02/2021 15:10:12,    2.347311,    0.106096,    0.016329,   -0.001072,   -0.000243
15/02/2021 15:10:42,    2.347371,    0.106155,    0.016338,   -0.001063,   -0.000221
15/02/2021 15:11:12,    2.347429,    0.106213,    0.016347,   -0.001054,   -0.000199
15/02/2021 15:11:42,    2.347486,    0.106271,    0.016356,   -0.001045,   -0.000176
15/02/2021 15:12:12,    2.347542,    0.106326,    0.016364,   -0.001036,   -0.000152
15/02/2021 15:12:42,    2.347595,    0.106380,    0.016372,   -0.001027,   -0.000128
15/02/2021 15:13:12,    2.347646,    0.106431,    0.016380,   -0.001018,   -0.000104
15/02/2021 15:13:42,    2.347694,    0.106478,    0.016387,   -0.001009,   -0.000080
15/02/2021 15:14:12,    2.347738,    0.106522,    0.016394,   -0.001000,   -0.000055
15/02/2021 15:14:42,    2.347777,    0.106562,    0.016400,   -0.000990,   -0.000031
15/02/2021 15:15:12,    2.347812,    0.106596,    0.016406,   -0.000981,   -0.000006
15/02/2021 15:15:42,    2.347842,    0.106627,    0.016410,   -0.000972,    0.000019
15/02/2021 15:16:12,    2.347868,    0.106653,    0.016414,   -0.000963,    0.000045
15/02/2021 15:16:42,    2.347891,    0.106675,    0.016418,   -0.000955,    0.000070
15/02/2021 15:17:12,    2.347909,    0.106693,    0.016421,   -0.000946,    0.000095
15/02/2021 15:17:42,    2.347924,    0.106708,    0.016423,   -0.000937,    0.000120
15/02/2021 15:18:12,    2.347935,    0.106720,    0.016425,   -0.000928,    0.000145
15/02/2021 15:18:42,    2.347944,    0.106729,    0.016426,   -0.000920,    0.000171
15/02/2021 15:19:12,    2.347950,    0.106735,    0.016427,   -0.000912,    0.000195
15/02/2021 15:19:42,    2.347954,    0.106738,    0.016427,   -0.000903,    0.000220
15/02/2021 15:20:12,    2.347955,    0.106739,    0.016428,   -0.000895,    0.000245
15/02/2021 15:20:42,    2.347952,    0.106737,    0.016427,   -0.000887,    0.000269
15/02/2021 15:21:12,    2.347945,    0.106729,    0.016426,   -0.000879,    0.000293
15/02/2021 15:21:42,    2.347932,    0.106716,    0.016424,   -0.000872,    0.000317
15/02/2021 15:22:12,    2.347911,    0.106695,    0.016421,   -0.000864,    0.000340
15/02/2021 15:22:42,    2.347881,    0.106666,    0.016416,   -0.000857,    0.000363
15/02/2021 15:23:12,    2.347842,    0.106627,    0.016410,   -0.000850,    0.000385
15/02/2021 15:23:42,    2.347791,    0.106576,    0.016402,   -0.000843,    0.000407
15/02/2021 15:24:12,    2.347728,    0.106512,    0.016393,   -0.000836,    0.000428
15/02/2021 15:24:42,    2.347651,    0.106435,    0.016381,   -0.000830,    0.000449
15/02/2021 15:25:12,    2.347559,    0.106343,    0.016367,   -0.000823,    0.000469
15/02/2021 15:25:42,    2.347454,    0.106238,    0.016351,   -0.000817,    0.000489
15/02/2021 15:26:12,    2.347338,    0.106122,    0.016333,   -0.000812,    0.000508
15/02/2021 15:26:42,    2.347213,    0.105998,    0.016314,   -0.000806,    0.000526
15/02/2021 15:27:12,    2.347082,    0.105866,    0.016293,   -0.000801,    0.000543
15/02/2021 15:27:42,    2.346946,    0.105730,    0.016272,   -0.000796,    0.000560
15/02/2021 15:28:12,    2.346807,    0.105592,    0.016251,   -0.000791,    0.000575
15/02/2021 15:28:42,    2.346668,    0.105453,    0.016230,   -0.000787,    0.000590
15/02/2021 15:29:12,    2.346531,    0.105316,    0.016209,   -0.000783,    0.000604
15/02/2021 15:29:42,    2.346398,    0.105183,    0.016188,   -0.000779,    0.000617
15/02/2021 15:30:12,    2.346271,    0.105056,    0.016169,   -0.000776,    0.000629
15/02/2021 15:30:42,    2.346150,    0.104935,    0.016150,   -0.000773,    0.000640
15/02/2021 15:31:12,    2.346037,    0.104822,    0.016133,   -0.000770,    0.000650
15/02/2021 15:31:42,    2.345932,    0.104716,    0.016116,   -0.000768,    0.000659
15/02/2021 15:32:12,    2.345835,    0.104620,    0.016101,   -0.000766,    0.000667
15/02/2021 15:32:42,    2.345747,    0.104532,    0.016088,   -0.000764,    0.000675
15/02/2021 15:33:12,    2.345670,    0.104454,    0.016076,   -0.000763,    0.000681
15/02/2021 15:33:42,    2.345602,    0.104387,    0.016066,   -0.000762,    0.000687
15/02/2021 15:34:12,    2.345546,    0.104330,    0.016057,   -0.000761,    0.000691
15/02/2021 15:34:42,    2.345501,    0.104285,    0.016050,   -0.000761,    0.000695
15/02/2021 15:35:12,    2.345468,    0.104252,    0.016045,   -0.000760,    0.000698
15/02/2021 15:35:42,    2.345445,    0.104229,    0.016041,   -0.000761,    0.000701
15/02/2021 15:36:12,    2.345430,    0.104215,    0.016039,   -0.000761,    0.000703
15/02/2021 15:36:42,    2.345422,    0.104207,    0.016038,   -0.000762,    0.000703
15/02/2021 15:37:12,    2.345418,    0.104203,    0.016037,   -0.000763,    0.000704
15/02/2021 15:37:42,    2.345417,    0.104202,    0.016037,   -0.000764,    0.000703
15/02/2021 15:38:12,    2.345416,    0.104201,    0.016037,   -0.000766,    0.000702
15/02/2021 15:38:42,    2.345414,    0.104198,    0.016037,   -0.000768,    0.000700
15/02/2021 15:39:12,    2.345408,    0.104193,    0.016036,   -0.000770,    0.000698
15/02/2021 15:39:42,    2.345397,    0.104181,    0.016034,   -0.000772,    0.000695
15/02/2021 15:40:12,    2.345379,    0.104163,    0.016031,   -0.000775,    0.000692
15/02/2021 15:40:42,    2.345355,    0.104140,    0.016028,   -0.000778,    0.000688
15/02/2021 15:41:12,    2.345327,    0.104112,    0.016023,   -0.000781,    0.000683
15/02/2021 15:41:42,    2.345297,    0.104082,    0.016019,   -0.000785,    0.000678
15/02/2021 15:42:12,    2.345266,    0.104050,    0.016014,   -0.000789,    0.000673
15/02/2021 15:42:42,    2.345236,    0.104020,    0.016009,   -0.000793,    0.000667
15/02/2021 15:43:12,    2.345208,    0.103992,    0.016005,   -0.000797,    0.000660
15/02/2021 15:43:42,    2.345184,    0.103969,    0.016001,   -0.000801,    0.000653
15/02/2021 15:44:12,    2.345166,    0.103951,    0.015999,   -0.000806,    0.000646
15/02/2021 15:44:42,    2.345156,    0.103940,    0.015997,   -0.000811,    0.000638
15/02/2021 15:45:12,    2.345154,    0.103938,    0.015997,   -0.000817,    0.000630
15/02/2021 15:45:42,    2.345161,    0.103946,    0.015998,   -0.000822,    0.000622
15/02/2021 15:46:12,    2.345177,    0.103961,    0.016000,   -0.000828,    0.000614
15/02/2021 15:46:42,    2.345201,    0.103985,    0.016004,   -0.000834,    0.000605
15/02/2021 15:47:12,    2.345233,    0.104017,    0.016009,   -0.000840,    0.000595
15/02/2021 15:47:42,    2.345273,    0.104057,    0.016015,   -0.000847,    0.000586
15/02/2021 15:48:12,    2.345320,    0.104105,    0.016022,   -0.000853,    0.000576
15/02/2021 15:48:42,    2.345375,    0.104160,    0.016031,   -0.000860,    0.000567
15/02/2021 15:49:12,    2.345438,    0.104222,    0.016040,   -0.000867,    0.000557
15/02/2021 15:49:42,    2.345507,    0.104291,    0.016051,   -0.000875,    0.000546
15/02/2021 15:50:12,    2.345582,    0.104367,    0.016063,   -0.000882,    0.000536
15/02/2021 15:50:42,    2.345662,    0.104446,    0.016075,   -0.000890,    0.000526
15/02/2021 15:51:12,    2.345742,    0.104526,    0.016087,   -0.000898,    0.000515
15/02/2021 15:51:42,    2.345819,    0.104604,    0.016099,   -0.000906,    0.000504
15/02/2021 15:52:12,    2.345892,    0.104676,    0.016110,   -0.000914,    0.000494
15/02/2021 15:52:42,    2.345956,    0.104740,    0.016120,   -0.000923,    0.000483
15/02/2021 15:53:12,    2.346009,    0.104793,    0.016128,   -0.000932,    0.000472
15/02/2021 15:53:42,    2.346048,    0.104832,    0.016134,   -0.000940,    0.000462
15/02/2021 15:54:12,    2.346069,    0.104854,    0.016137,   -0.000950,    0.000451
15/02/2021 15:54:42,    2.346070,    0.104855,    0.016138,   -0.000959,    0.000440
15/02/2021 15:55:12,    2.346049,    0.104834,    0.016134,   -0.000968,    0.000430
15/02/2021 15:55:42,    2.346008,    0.104793,    0.016128,   -0.000978,    0.000420
15/02/2021 15:56:12,    2.345949,    0.104734,    0.016119,   -0.000988,    0.000409
15/02/2021 15:56:42,    2.345875,    0.104660,    0.016108,   -0.000998,    0.000399
15/02/2021 15:57:12,    2.345789,    0.104574,    0.016094,   -0.001008,    0.000389
15/02/2021 15:57:42,    2.345694,    0.104479,    0.016080,   -0.001018,    0.000379
15/02/2021 15:58:12,    2.345593,    0.104377,    0.016064,   -0.001029,    0.000370
15/02/2021 15:58:42,    2.345488,    0.104272,    0.016048,   -0.001040,    0.000360
15/02/2021 15:59:12,    2.345382,    0.104166,    0.016032,   -0.001050,    0.000351
15/02/2021 15:59:42,    2.345278,    0.104062,    0.016016,   -0.001061,    0.000342
15/02/2021 16:00:12,    2.345178,    0.103963,    0.016000,   -0.001072,    0.000334
15/02/2021 16:00:42,    2.345085,    0.103870,    0.015986,   -0.001084,    0.000325
15/02/2021 16:01:12,    2.344999,    0.103783,    0.015973,   -0.001095,    0.000317
15/02/2021 16:01:42,    2.344921,    0.103705,    0.015961,   -0.001107,    0.000310
15/02/2021 16:02:12,    2.344852,    0.103637,    0.015950,   -0.001118,    0.000302
15/02/2021 16:02:42,    2.344795,    0.103579,    0.015941,   -0.001130,    0.000295
15/02/2021 16:03:12,    2.344749,    0.103533,    0.015934,   -0.001142,    0.000288
15/02/2021 16:03:42,    2.344716,    0.103501,    0.015929,   -0.001153,    0.000282
15/02/2021 16:04:12,    2.344697,    0.103482,    0.015926,   -0.001165,    0.000276
15/02/2021 16:04:42,    2.344694,    0.103479,    0.015926,   -0.001177,    0.000270
15/02/2021 16:05:12,    2.344707,    0.103492,    0.015928,   -0.001189,    0.000264
15/02/2021 16:05:42,    2.344735,    0.103520,    0.015932,   -0.001201,    0.000258
15/02/2021 16:06:12,    2.344777,    0.103561,    0.015939,   -0.001213,    0.000253
15/02/2021 16:06:42,    2.344830,    0.103614,    0.015947,   -0.001225,    0.000248
15/02/2021 16:07:12,    2.344893,    0.103677,    0.015956,   -0.001237,    0.000244
15/02/2021 16:07:42,    2.344964,    0.103749,    0.015967,   -0.001249,    0.000239
15/02/2021 16:08:12,    2.345042,    0.103827,    0.015979,   -0.001261,    0.000235
15/02/2021 16:08:42,    2.345125,    0.103910,    0.015992,   -0.001273,    0.000231
15/02/2021 16:09:12,    2.345212,    0.103997,    0.016006,   -0.001285,    0.000228
15/02/2021 16:09:42,    2.345301,    0.104085,    0.016019,   -0.001297,    0.000224
15/02/2021 16:10:12,    2.345389,    0.104174,    0.016033,   -0.001308,    0.000221
15/02/2021 16:10:42,    2.345477,    0.104261,    0.016046,   -0.001320,    0.000219
15/02/2021 16:11:12,    2.345561,    0.104346,    0.016059,   -0.001332,    0.000216
15/02/2021 16:11:42,    2.345641,    0.104426,    0.016072,   -0.001343,    0.000214
15/02/2021 16:12:12,    2.345716,    0.104500,    0.016083,   -0.001354,    0.000212
15/02/2021 16:12:42,    2.345783,    0.104568,    0.016093,   -0.001365,    0.000210
15/02/2021 16:13:12,    2.345841,    0.104626,    0.016102,   -0.001376,    0.000209
15/02/2021 16:13:42,    2.345890,    0.104674,    0.016110,   -0.001387,    0.000207
15/02/2021 16:14:12,    2.345926,    0.104710,    0.016115,   -0.001398,    0.000206
15/02/2021 16:14:42,    2.345949,    0.104733,    0.016119,   -0.001408,    0.000206
15/02/2021 16:15:12,    2.345958,    0.104742,    0.016120,   -0.001419,    0.000205
15/02/2021 16:15:42,    2.345953,    0.104737,    0.016120,   -0.001429,    0.000205
15/02/2021 16:16:12,    2.345935,    0.104720,    0.016117,   -0.001439,    0.000205
15/02/2021 16:16:42,    2.345907,    0.104692,    0.016113,   -0.001448,    0.000205
15/02/2021 16:17:12,    2.345869,    0.104653,    0.016107,   -0.001458,    0.000206
15/02/2021 16:17:42,    2.345822,    0.104607,    0.016100,   -0.001467,    0.000206
15/02/2021 16:18:12,    2.345768,    0.104552,    0.016091,   -0.001476,    0.000207
15/02/2021 16:18:42,    2.345708,    0.104492,    0.016082,   -0.001484,    0.000209
15/02/2021 16:19:12,    2.345642,    0.104427,    0.016072,   -0.001493,    0.000210
15/02/2021 16:19:42,    2.345573,    0.104358,    0.016061,   -0.001501,    0.000212
15/02/2021 16:20:12,    2.345502,    0.104286,    0.016050,   -0.001508,    0.000214
15/02/2021 16:20:42,    2.345430,    0.104214,    0.016039,   -0.001516,    0.000216
15/02/2021 16:21:12,    2.345360,    0.104144,    0.016028,   -0.001523,    0.000218
15/02/2021 16:21:42,    2.345294,    0.104079,    0.016018,   -0.001530,    0.000221
15/02/2021 16:22:12,    2.345235,    0.104019,    0.016009,   -0.001536,    0.000224
15/02/2021 16:22:42,    2.345184,    0.103968,    0.016001,   -0.001542,    0.000227
15/02/2021 16:23:12,    2.345143,    0.103928,    0.015995,   -0.001548,    0.000230
15/02/2021 16:23:42,    2.345116,    0.103900,    0.015991,   -0.001553,    0.000233
15/02/2021 16:24:12,    2.345103,    0.103888,    0.015989,   -0.001558,    0.000237
15/02/2021 16:24:42,    2.345108,    0.103892,    0.015990,   -0.001562,    0.000241
15/02/2021 16:25:12,    2.345131,    0.103916,    0.015993,   -0.001567,    0.000245
15/02/2021 16:25:42,    2.345170,    0.103954,    0.015999,   -0.001570,    0.000250
15/02/2021 16:26:12,    2.345219,    0.104004,    0.016007,   -0.001573,    0.000254
15/02/2021 16:26:42,    2.345275,    0.104060,    0.016015,   -0.001576,    0.000259
15/02/2021 16:27:12,    2.345335,    0.104119,    0.016025,   -0.001578,    0.000264
15/02/2021 16:27:42,    2.345392,    0.104177,    0.016033,   -0.001580,    0.000269
15/02/2021 16:28:12,    2.345445,    0.104229,    0.016041,   -0.001581,    0.000275
15/02/2021 16:28:42,    2.345487,    0.104272,    0.016048,   -0.001582,    0.000281
15/02/2021 16:29:12,    2.345516,    0.104300,    0.016052,   -0.001582,    0.000286
15/02/2021 16:29:42,    2.345526,    0.104311,    0.016054,   -0.001582,    0.000292
15/02/2021 16:30:12,    2.345515,    0.104300,    0.016052,   -0.001581,    0.000299
15/02/2021 16:30:42,    2.345486,    0.104271,    0.016048,   -0.001580,    0.000305
15/02/2021 16:31:12,    2.345441,    0.104226,    0.016041,   -0.001578,    0.000312
15/02/2021 16:31:42,    2.345384,    0.104169,    0.016032,   -0.001576,    0.000319
15/02/2021 16:32:12,    2.345319,    0.104104,    0.016022,   -0.001573,    0.000326
15/02/2021 16:32:42,    2.345249,    0.104033,    0.016011,   -0.001570,    0.000333
15/02/2021 16:33:12,    2.345177,    0.103961,    0.016000,   -0.001566,    0.000340
15/02/2021 16:33:42,    2.345106,    0.103891,    0.015989,   -0.001562,    0.000348
15/02/2021 16:34:12,    2.345041,    0.103826,    0.015979,   -0.001557,    0.000355
15/02/2021 16:34:42,    2.344985,    0.103769,    0.015971,   -0.001552,    0.000363
15/02/2021 16:35:12,    2.344939,    0.103724,    0.015964,   -0.001547,    0.000371
15/02/2021 16:35:42,    2.344903,    0.103688,    0.015958,   -0.001541,    0.000378
15/02/2021 16:36:12,    2.344872,    0.103657,    0.015953,   -0.001534,    0.000386
15/02/2021 16:36:42,    2.344844,    0.103629,    0.015949,   -0.001528,    0.000394
15/02/2021 16:37:12,    2.344815,    0.103600,    0.015945,   -0.001521,    0.000403
15/02/2021 16:37:42,    2.344783,    0.103567,    0.015940,   -0.001513,    0.000411
15/02/2021 16:38:12,    2.344743,    0.103527,    0.015933,   -0.001505,    0.000419
15/02/2021 16:38:42,    2.344693,    0.103477,    0.015926,   -0.001497,    0.000427
15/02/2021 16:39:12,    2.344630,    0.103414,    0.015916,   -0.001489,    0.000435
15/02/2021 16:39:42,    2.344550,    0.103334,    0.015904,   -0.001480,    0.000444
15/02/2021 16:40:12,    2.344451,    0.103236,    0.015889,   -0.001471,    0.000452
15/02/2021 16:40:42,    2.344335,    0.103120,    0.015871,   -0.001462,    0.000460
15/02/2021 16:41:12,    2.344205,    0.102990,    0.015851,   -0.001452,    0.000468
15/02/2021 16:41:42,    2.344064,    0.102849,    0.015829,   -0.001442,    0.000477
15/02/2021 16:42:12,    2.343914,    0.102699,    0.015806,   -0.001432,    0.000485
15/02/2021 16:42:42,    2.343758,    0.102543,    0.015782,   -0.001421,    0.000493
15/02/2021 16:43:12,    2.343600,    0.102384,    0.015757,   -0.001410,    0.000501
15/02/2021 16:43:42,    2.343440,    0.102225,    0.015733,   -0.001399,    0.000509
15/02/2021 16:44:12,    2.343284,    0.102068,    0.015709,   -0.001388,    0.000517
15/02/2021 16:44:42,    2.343132,    0.101917,    0.015686,   -0.001377,    0.000525
15/02/2021 16:45:12,    2.342989,    0.101773,    0.015663,   -0.001365,    0.000532
15/02/2021 16:45:42,    2.342855,    0.101640,    0.015643,   -0.001354,    0.000540
15/02/2021 16:46:12,    2.342733,    0.101518,    0.015624,   -0.001342,    0.000548
15/02/2021 16:46:42,    2.342625,    0.101410,    0.015607,   -0.001329,    0.000555
15/02/2021 16:47:12,    2.342532,    0.101316,    0.015593,   -0.001317,    0.000562
15/02/2021 16:47:42,    2.342456,    0.101240,    0.015581,   -0.001305,    0.000569
15/02/2021 16:48:12,    2.342398,    0.101183,    0.015573,   -0.001292,    0.000576
15/02/2021 16:48:42,    2.342361,    0.101146,    0.015567,   -0.001280,    0.000583
15/02/2021 16:49:12,    2.342347,    0.101131,    0.015565,   -0.001267,    0.000590
15/02/2021 16:49:42,    2.342357,    0.101141,    0.015566,   -0.001254,    0.000596
15/02/2021 16:50:12,    2.342391,    0.101176,    0.015572,   -0.001241,    0.000603
15/02/2021 16:50:42,    2.342450,    0.101234,    0.015581,   -0.001228,    0.000609
15/02/2021 16:51:12,    2.342528,    0.101313,    0.015593,   -0.001215,    0.000614
15/02/2021 16:51:42,    2.342625,    0.101410,    0.015608,   -0.001202,    0.000620
15/02/2021 16:52:12,    2.342737,    0.101521,    0.015625,   -0.001189,    0.000625
15/02/2021 16:52:42,    2.342861,    0.101646,    0.015644,   -0.001175,    0.000630
15/02/2021 16:53:12,    2.342996,    0.101780,    0.015665,   -0.001162,    0.000635
15/02/2021 16:53:42,    2.343137,    0.101922,    0.015686,   -0.001149,    0.000640
15/02/2021 16:54:12,    2.343283,    0.102068,    0.015709,   -0.001136,    0.000644
15/02/2021 16:54:42,    2.343431,    0.102215,    0.015732,   -0.001123,    0.000648
15/02/2021 16:55:12,    2.343578,    0.102362,    0.015754,   -0.001109,    0.000652
15/02/2021 16:55:42,    2.343720,    0.102504,    0.015776,   -0.001096,    0.000655
15/02/2021 16:56:12,    2.343854,    0.102639,    0.015797,   -0.001083,    0.000658
15/02/2021 16:56:42,    2.343978,    0.102762,    0.015816,   -0.001070,    0.000661
15/02/2021 16:57:12,    2.344086,    0.102870,    0.015832,   -0.001057,    0.000664
15/02/2021 16:57:42,    2.344176,    0.102960,    0.015846,   -0.001044,    0.000666
15/02/2021 16:58:12,    2.344244,    0.103029,    0.015857,   -0.001032,    0.000667
15/02/2021 16:58:42,    2.344287,    0.103071,    0.015863,   -0.001019,    0.000669
15/02/2021 16:59:12,    2.344301,    0.103085,    0.015865,   -0.001006,    0.000670
15/02/2021 16:59:42,    2.344282,    0.103067,    0.015863,   -0.000994,    0.000670
15/02/2021 17:00:12,    2.344229,    0.103014,    0.015854,   -0.000982,    0.000671
15/02/2021 17:00:42,    2.344142,    0.102927,    0.015841,   -0.000969,    0.000670
15/02/2021 17:01:12,    2.344024,    0.102809,    0.015823,   -0.000957,    0.000670
15/02/2021 17:01:42,    2.343877,    0.102661,    0.015800,   -0.000946,    0.000669
15/02/2021 17:02:12,    2.343703,    0.102487,    0.015773,   -0.000934,    0.000668
15/02/2021 17:02:42,    2.343503,    0.102288,    0.015743,   -0.000922,    0.000666
15/02/2021 17:03:12,    2.343282,    0.102067,    0.015709,   -0.000911,    0.000664
15/02/2021 17:03:42,    2.343041,    0.101825,    0.015671,   -0.000900,    0.000661
15/02/2021 17:04:12,    2.342781,    0.101566,    0.015632,   -0.000889,    0.000659
15/02/2021 17:04:42,    2.342506,    0.101290,    0.015589,   -0.000878,    0.000656
15/02/2021 17:05:12,    2.342217,    0.101001,    0.015545,   -0.000867,    0.000652
15/02/2021 17:05:42,    2.341917,    0.100702,    0.015499,   -0.000856,    0.000648
15/02/2021 17:06:12,    2.341610,    0.100394,    0.015451,   -0.000846,    0.000644
15/02/2021 17:06:42,    2.341297,    0.100081,    0.015403,   -0.000836,    0.000640
15/02/2021 17:07:12,    2.340981,    0.099766,    0.015355,   -0.000826,    0.000635
15/02/2021 17:07:42,    2.340666,    0.099450,    0.015306,   -0.000816,    0.000630
15/02/2021 17:08:12,    2.340353,    0.099138,    0.015258,   -0.000806,    0.000625
15/02/2021 17:08:42,    2.340047,    0.098831,    0.015211,   -0.000797,    0.000619
15/02/2021 17:09:12,    2.339748,    0.098533,    0.015165,   -0.000788,    0.000613
15/02/2021 17:09:42,    2.339461,    0.098245,    0.015121,   -0.000778,    0.000607
15/02/2021 17:10:12,    2.339187,    0.097971,    0.015078,   -0.000770,    0.000601
15/02/2021 17:10:42,    2.338926,    0.097710,    0.015038,   -0.000761,    0.000594
15/02/2021 17:11:12,    2.338677,    0.097461,    0.015000,   -0.000752,    0.000587
15/02/2021 17:11:42,    2.338439,    0.097223,    0.014963,   -0.000744,    0.000580
15/02/2021 17:12:12,    2.338211,    0.096995,    0.014928,   -0.000736,    0.000572
15/02/2021 17:12:42,    2.337992,    0.096777,    0.014895,   -0.000728,    0.000564
15/02/2021 17:13:12,    2.337782,    0.096567,    0.014862,   -0.000721,    0.000556
15/02/2021 17:13:42,    2.337579,    0.096364,    0.014831,   -0.000713,    0.000548
15/02/2021 17:14:12,    2.337383,    0.096168,    0.014801,   -0.000706,    0.000540
15/02/2021 17:14:42,    2.337192,    0.095977,    0.014771,   -0.000699,    0.000531
15/02/2021 17:15:12,    2.337007,    0.095792,    0.014743,   -0.000692,    0.000522
15/02/2021 17:15:42,    2.336829,    0.095614,    0.014716,   -0.000686,    0.000513
15/02/2021 17:16:12,    2.336663,    0.095447,    0.014690,   -0.000679,    0.000504
15/02/2021 17:16:42,    2.336509,    0.095294,    0.014666,   -0.000673,    0.000494
15/02/2021 17:17:12,    2.336373,    0.095157,    0.014645,   -0.000667,    0.000484
15/02/2021 17:17:42,    2.336256,    0.095041,    0.014627,   -0.000662,    0.000475
15/02/2021 17:18:12,    2.336163,    0.094947,    0.014613,   -0.000657,    0.000464
15/02/2021 17:18:42,    2.336095,    0.094879,    0.014602,   -0.000651,    0.000454
15/02/2021 17:19:12,    2.336056,    0.094840,    0.014596,   -0.000647,    0.000444
15/02/2021 17:19:42,    2.336048,    0.094833,    0.014595,   -0.000642,    0.000433
15/02/2021 17:20:12,    2.336075,    0.094860,    0.014599,   -0.000638,    0.000422
15/02/2021 17:20:42,    2.336134,    0.094918,    0.014608,   -0.000634,    0.000411
15/02/2021 17:21:12,    2.336220,    0.095005,    0.014622,   -0.000630,    0.000400
15/02/2021 17:21:42,    2.336332,    0.095117,    0.014639,   -0.000626,    0.000389
15/02/2021 17:22:12,    2.336466,    0.095250,    0.014660,   -0.000623,    0.000378
15/02/2021 17:22:42,    2.336618,    0.095403,    0.014683,   -0.000620,    0.000366
15/02/2021 17:23:12,    2.336786,    0.095570,    0.014709,   -0.000617,    0.000355
15/02/2021 17:23:42,    2.336965,    0.095749,    0.014736,   -0.000615,    0.000343
15/02/2021 17:24:12,    2.337153,    0.095937,    0.014765,   -0.000613,    0.000331
15/02/2021 17:24:42,    2.337346,    0.096131,    0.014795,   -0.000611,    0.000320
15/02/2021 17:25:12,    2.337542,    0.096327,    0.014825,   -0.000609,    0.000308
15/02/2021 17:25:42,    2.337740,    0.096525,    0.014856,   -0.000608,    0.000295
15/02/2021 17:26:12,    2.337940,    0.096725,    0.014887,   -0.000607,    0.000283
15/02/2021 17:26:42,    2.338142,    0.096926,    0.014918,   -0.000606,    0.000271
15/02/2021 17:27:12,    2.338345,    0.097130,    0.014949,   -0.000605,    0.000259
15/02/2021 17:27:42,    2.338550,    0.097334,    0.014980,   -0.000605,    0.000246
15/02/2021 17:28:12,    2.338756,    0.097541,    0.015012,   -0.000605,    0.000234
15/02/2021 17:28:42,    2.338964,    0.097749,    0.015044,   -0.000606,    0.000221
15/02/2021 17:29:12,    2.339173,    0.097957,    0.015076,   -0.000607,    0.000209
15/02/2021 17:29:42,    2.339383,    0.098168,    0.015109,   -0.000608,    0.000196
15/02/2021 17:30:12,    2.339594,    0.098379,    0.015141,   -0.000609,    0.000184
15/02/2021 17:30:42,    2.339807,    0.098591,    0.015174,   -0.000611,    0.000171
15/02/2021 17:31:12,    2.340021,    0.098806,    0.015207,   -0.000613,    0.000158
15/02/2021 17:31:42,    2.340237,    0.099022,    0.015240,   -0.000615,    0.000146
15/02/2021 17:32:12,    2.340456,    0.099241,    0.015274,   -0.000618,    0.000133
15/02/2021 17:32:42,    2.340678,    0.099462,    0.015308,   -0.000620,    0.000120
15/02/2021 17:33:12,    2.340902,    0.099687,    0.015342,   -0.000624,    0.000107
15/02/2021 17:33:42,    2.341130,    0.099915,    0.015378,   -0.000627,    0.000095
15/02/2021 17:34:12,    2.341362,    0.100147,    0.015413,   -0.000630,    0.000082
15/02/2021 17:34:42,    2.341598,    0.100383,    0.015450,   -0.000634,    0.000069
15/02/2021 17:35:12,    2.341838,    0.100623,    0.015486,   -0.000638,    0.000057
15/02/2021 17:35:42,    2.342081,    0.100866,    0.015524,   -0.000642,    0.000044
15/02/2021 17:36:12,    2.342326,    0.101111,    0.015562,   -0.000647,    0.000031
15/02/2021 17:36:42,    2.342571,    0.101356,    0.015599,   -0.000651,    0.000019
15/02/2021 17:37:12,    2.342815,    0.101600,    0.015637,   -0.000656,    0.000006
15/02/2021 17:37:42,    2.343057,    0.101841,    0.015674,   -0.000661,   -0.000006
15/02/2021 17:38:12,    2.343294,    0.102079,    0.015711,   -0.000666,   -0.000018
15/02/2021 17:38:42,    2.343527,    0.102311,    0.015746,   -0.000672,   -0.000030
15/02/2021 17:39:12,    2.343753,    0.102537,    0.015781,   -0.000677,   -0.000043
15/02/2021 17:39:42,    2.343971,    0.102755,    0.015815,   -0.000683,   -0.000055
15/02/2021 17:40:12,    2.344180,    0.102964,    0.015847,   -0.000688,   -0.000067
15/02/2021 17:40:42,    2.344381,    0.103165,    0.015878,   -0.000694,   -0.000079
15/02/2021 17:41:12,    2.344576,    0.103360,    0.015908,   -0.000700,   -0.000090
15/02/2021 17:41:42,    2.344766,    0.103550,    0.015937,   -0.000706,   -0.000102
15/02/2021 17:42:12,    2.344953,    0.103737,    0.015966,   -0.000712,   -0.000114
15/02/2021 17:42:42,    2.345138,    0.103922,    0.015994,   -0.000719,   -0.000125
15/02/2021 17:43:12,    2.345322,    0.104107,    0.016023,   -0.000725,   -0.000136
15/02/2021 17:43:42,    2.345509,    0.104293,    0.016051,   -0.000731,   -0.000148
15/02/2021 17:44:12,    2.345698,    0.104482,    0.016080,   -0.000738,   -0.000159
15/02/2021 17:44:42,    2.345891,    0.104676,    0.016110,   -0.000744,   -0.000169
15/02/2021 17:45:12,    2.346090,    0.104874,    0.016141,   -0.000750,   -0.000180
15/02/2021 17:45:42,    2.346290,    0.105074,    0.016172,   -0.000757,   -0.000191
15/02/2021 17:46:12,    2.346487,    0.105271,    0.016202,   -0.000763,   -0.000201
15/02/2021 17:46:42,    2.346677,    0.105461,    0.016231,   -0.000770,   -0.000211
15/02/2021 17:47:12,    2.346855,    0.105640,    0.016259,   -0.000776,   -0.000221
15/02/2021 17:47:42,    2.347017,    0.105802,    0.016284,   -0.000783,   -0.000231
15/02/2021 17:48:12,    2.347159,    0.105944,    0.016305,   -0.000789,   -0.000240
15/02/2021 17:48:42,    2.347276,    0.106061,    0.016323,   -0.000796,   -0.000250
15/02/2021 17:49:12,    2.347364,    0.106148,    0.016337,   -0.000802,   -0.000259
15/02/2021 17:49:42,    2.347418,    0.106202,    0.016345,   -0.000809,   -0.000268
15/02/2021 17:50:12,    2.347435,    0.106220,    0.016348,   -0.000815,   -0.000277
15/02/2021 17:50:42,    2.347418,    0.106203,    0.016345,   -0.000821,   -0.000285
15/02/2021 17:51:12,    2.347370,    0.106154,    0.016338,   -0.000827,   -0.000293
15/02/2021 17:51:42,    2.347294,    0.106078,    0.016326,   -0.000833,   -0.000301
15/02/2021 17:52:12,    2.347194,    0.105978,    0.016311,   -0.000839,   -0.000309
15/02/2021 17:52:42,    2.347073,    0.105858,    0.016292,   -0.000845,   -0.000317
15/02/2021 17:53:12,    2.346935,    0.105720,    0.016271,   -0.000851,   -0.000324
15/02/2021 17:53:42,    2.346784,    0.105568,    0.016248,   -0.000857,   -0.000331
15/02/2021 17:54:12,    2.346622,    0.105406,    0.016223,   -0.000862,   -0.000337
15/02/2021 17:54:42,    2.346453,    0.105238,    0.016197,   -0.000867,   -0.000344
15/02/2021 17:55:12,    2.346281,    0.105065,    0.016170,   -0.000873,   -0.000350
15/02/2021 17:55:42,    2.346107,    0.104892,    0.016143,   -0.000878,   -0.000356
15/02/2021 17:56:12,    2.345933,    0.104718,    0.016117,   -0.000883,   -0.000361
15/02/2021 17:56:42,    2.345761,    0.104546,    0.016090,   -0.000887,   -0.000366
15/02/2021 17:57:12,    2.345592,    0.104377,    0.016064,   -0.000892,   -0.000371
15/02/2021 17:57:42,    2.345429,    0.104214,    0.016039,   -0.000896,   -0.000376
15/02/2021 17:58:12,    2.345273,    0.104057,    0.016015,   -0.000900,   -0.000380
15/02/2021 17:58:42,    2.345124,    0.103909,    0.015992,   -0.000904,   -0.000384
15/02/2021 17:59:12,    2.344987,    0.103771,    0.015971,   -0.000908,   -0.000387
15/02/2021 17:59:42,    2.344861,    0.103645,    0.015952,   -0.000911,   -0.000390
15/02/2021 18:00:12,    2.344748,    0.103533,    0.015934,   -0.000914,   -0.000393
15/02/2021 18:00:42,    2.344649,    0.103434,    0.015919,   -0.000917,   -0.000396
15/02/2021 18:01:12,    2.344563,    0.103347,    0.015906,   -0.000920,   -0.000398
15/02/2021 18:01:42,    2.344489,    0.103274,    0.015894,   -0.000922,   -0.000400
15/02/2021 18:02:12,    2.344428,    0.103212,    0.015885,   -0.000925,   -0.000401
15/02/2021 18:02:42,    2.344378,    0.103162,    0.015877,   -0.000927,   -0.000402
15/02/2021 18:03:12,    2.344340,    0.103124,    0.015872,   -0.000928,   -0.000403
15/02/2021 18:03:42,    2.344313,    0.103098,    0.015867,   -0.000930,   -0.000403
15/02/2021 18:04:12,    2.344297,    0.103081,    0.015865,   -0.000931,   -0.000403
15/02/2021 18:04:42,    2.344291,    0.103076,    0.015864,   -0.000933,   -0.000403
15/02/2021 18:05:12,    2.344296,    0.103080,    0.015865,   -0.000934,   -0.000402
15/02/2021 18:05:42,    2.344306,    0.103091,    0.015866,   -0.000934,   -0.000402
15/02/2021 18:06:12,    2.344319,    0.103104,    0.015868,   -0.000935,   -0.000400
15/02/2021 18:06:42,    2.344332,    0.103117,    0.015870,   -0.000936,   -0.000399
15/02/2021 18:07:12,    2.344341,    0.103125,    0.015872,   -0.000936,   -0.000397
15/02/2021 18:07:42,    2.344341,    0.103125,    0.015872,   -0.000936,   -0.000395
15/02/2021 18:08:12,    2.344330,    0.103114,    0.015870,   -0.000936,   -0.000393
15/02/2021 18:08:42,    2.344303,    0.103088,    0.015866,   -0.000936,   -0.000390
15/02/2021 18:09:12,    2.344258,    0.103043,    0.015859,   -0.000935,   -0.000387
15/02/2021 18:09:42,    2.344190,    0.102975,    0.015849,   -0.000935,   -0.000384
15/02/2021 18:10:12,    2.344098,    0.102882,    0.015834,   -0.000934,   -0.000381
15/02/2021 18:10:42,    2.343983,    0.102768,    0.015817,   -0.000933,   -0.000377
15/02/2021 18:11:12,    2.343850,    0.102635,    0.015796,   -0.000932,   -0.000373
15/02/2021 18:11:42,    2.343702,    0.102487,    0.015773,   -0.000931,   -0.000369
15/02/2021 18:12:12,    2.343544,    0.102329,    0.015749,   -0.000930,   -0.000364
15/02/2021 18:12:42,    2.343379,    0.102163,    0.015724,   -0.000929,   -0.000359
15/02/2021 18:13:12,    2.343210,    0.101995,    0.015698,   -0.000927,   -0.000354
15/02/2021 18:13:42,    2.343043,    0.101828,    0.015672,   -0.000926,   -0.000349
15/02/2021 18:14:12,    2.342880,    0.101665,    0.015647,   -0.000924,   -0.000344
15/02/2021 18:14:42,    2.342726,    0.101510,    0.015623,   -0.000922,   -0.000338
